DateTime,Global_active_power,Global_reactive_power,Sub_metering_1,Sub_metering_2,Sub_metering_3,Voltage,Global_intensity,RR,NBJRR1,NBJRR5,NBJRR10,NBJBROU,Sub_metering_remainder
2006-12-17,3390.46,226.00599999999997,2033.0,4187.0,13341.0,240.0870277777778,9.999027777777778,6.375,9.333,5.667,2.167,0.167,36946.667
2006-12-18,2203.826,161.792,1063.0,2621.0,14018.0,241.23169444444446,6.421666666666667,6.375,9.333,5.667,2.167,0.167,19028.433
2006-12-19,1666.194,150.942,839.0,7602.0,6197.0,241.9993125,4.926388888888889,6.375,9.333,5.667,2.167,0.167,13131.9
2006-12-20,2225.7479999999996,160.998,0.0,2648.0,14063.0,242.30806249999998,6.467361111111111,6.375,9.333,5.667,2.167,0.167,20384.8
2006-12-21,1716.6239999999998,144.166,1765.0,2623.0,10421.0,241.04054937413076,5.033796940194716,6.375,9.333,5.667,2.167,0.167,13801.4
2006-12-22,2341.338,186.906,3151.0,350.0,11131.0,241.1845486111111,6.872916666666667,6.375,9.333,5.667,2.167,0.167,24390.3
2006-12-23,4773.386,221.47000000000003,2669.0,425.0,14726.0,240.1360763888889,14.028055555555557,6.375,9.333,5.667,2.167,0.167,61736.433
2006-12-24,2550.0119999999997,149.9,1703.0,5082.0,6891.0,241.68743750000002,7.640416666666667,6.375,9.333,5.667,2.167,0.167,28824.2
2006-12-25,2743.12,240.28,6620.0,1962.0,5795.0,243.39993055555553,7.951527777777779,6.375,9.333,5.667,2.167,0.167,31341.667
2006-12-26,3934.1099999999997,165.10199999999998,1086.0,2533.0,14979.0,241.6254375,11.347916666666668,6.375,9.333,5.667,2.167,0.167,46970.5
2006-12-27,1528.7599999999998,178.902,0.0,314.0,6976.0,243.76736111111111,4.5175,6.375,9.333,5.667,2.167,0.167,18189.333
2006-12-28,2072.638,208.876,2207.0,4419.0,9176.0,243.26833333333335,6.086249999999999,6.375,9.333,5.667,2.167,0.167,18741.967
2006-12-29,3174.392,196.394,1252.0,5162.0,11329.0,240.87130555555558,9.271388888888888,6.375,9.333,5.667,2.167,0.167,35163.533
2006-12-30,2789.302,311.928,3072.0,7891.0,12480.0,240.54068845618914,8.292211404728791,6.375,9.333,5.667,2.167,0.167,23045.367
2006-12-31,3494.1960000000004,150.852,0.0,347.0,6502.0,239.89657638888886,10.199583333333335,6.375,9.333,5.667,2.167,0.167,51387.6
2007-01-01,2749.004,148.166,0.0,352.0,5880.0,240.12897916666665,7.916944444444444,2.836,10.2,0.6,0.0,0.0,39584.733
2007-01-02,1269.2359999999999,190.342,0.0,348.0,6562.0,241.94377777777777,3.7140277777777784,2.836,10.2,0.6,0.0,0.0,14243.933
2007-01-03,1014.054,196.728,0.0,344.0,4765.0,243.55709027777775,3.0140277777777778,2.836,10.2,0.6,0.0,0.0,11791.9
2007-01-04,3259.412,202.30200000000002,1051.0,7597.0,10896.0,239.7502986111111,9.478194444444444,2.836,10.2,0.6,0.0,0.0,34779.533
2007-01-05,2713.364,173.154,1483.0,379.0,7602.0,240.49576388888892,7.885138888888888,2.836,10.2,0.6,0.0,0.0,35758.733
2007-01-06,1508.3779999999997,192.18800000000002,1336.0,402.0,5678.0,239.67305555555555,4.543888888888888,2.836,10.2,0.6,0.0,0.0,17723.633
2007-01-07,2447.62,246.074,1987.0,8177.0,12810.0,240.90248611111113,7.282638888888889,2.836,10.2,0.6,0.0,0.0,17819.667
2007-01-08,2241.3599999999997,207.56799999999998,0.0,467.0,17547.0,239.5769513888889,6.551666666666668,2.836,10.2,0.6,0.0,0.0,19342.0
2007-01-09,1869.054,207.24800000000002,1688.0,4267.0,9790.0,240.48752083333332,5.521111111111112,2.836,10.2,0.6,0.0,0.0,15405.9
2007-01-10,2154.8,228.452,771.0,4456.0,11012.0,241.02745138888892,6.357777777777779,2.836,10.2,0.6,0.0,0.0,19674.333
2007-01-11,2255.194,230.01999999999998,1378.0,2170.0,12415.0,241.15568750000006,6.658333333333333,2.836,10.2,0.6,0.0,0.0,21623.567
2007-01-12,1461.2959999999998,199.14,0.0,439.0,8276.0,241.53820833333336,4.309166666666667,2.836,10.2,0.6,0.0,0.0,15639.933
2007-01-13,3186.814,290.736,7806.0,2975.0,11341.0,239.28361111111113,9.453055555555554,2.836,10.2,0.6,0.0,0.0,30991.567
2007-01-14,3007.8160000000003,227.12,1777.0,4215.0,12975.0,238.8218485059069,8.968311327310634,2.836,10.2,0.6,0.0,0.0,31163.267
2007-01-15,2148.678,174.86,1099.0,2239.0,15163.0,241.24090972222226,6.261527777777778,2.836,10.2,0.6,0.0,0.0,17310.3
2007-01-16,1686.404,185.428,2063.0,644.0,6583.0,241.9447569444445,4.975972222222222,2.836,10.2,0.6,0.0,0.0,18816.733
2007-01-17,2847.688,200.75199999999998,3500.0,5737.0,16064.0,241.00525000000005,8.283888888888889,2.836,10.2,0.6,0.0,0.0,22160.467
2007-01-18,1821.4620000000002,177.712,0.0,336.0,13491.0,240.89359722222224,5.3425,2.836,10.2,0.6,0.0,0.0,16530.7
2007-01-19,1480.44,170.05200000000002,2103.0,330.0,7172.0,240.16094444444445,4.37625,2.836,10.2,0.6,0.0,0.0,15069.0
2007-01-20,3133.732,238.362,4324.0,5222.0,11440.0,238.86747222222223,9.348055555555556,2.836,10.2,0.6,0.0,0.0,31242.867
2007-01-21,3407.262,229.73600000000002,10346.0,5567.0,11599.0,238.96811805555552,10.190694444444444,2.836,10.2,0.6,0.0,0.0,29275.7
2007-01-22,2180.4939999999997,168.642,1054.0,2983.0,11361.0,241.60313194444444,6.3552777777777765,2.836,10.2,0.6,0.0,0.0,20943.567
2007-01-23,1777.6399999999999,138.28,0.0,1064.0,5061.0,242.76255555555556,5.260833333333333,2.836,10.2,0.6,0.0,0.0,23502.333
2007-01-24,2987.8540000000003,178.06,3464.0,2480.0,11744.0,241.45769444444443,8.733611111111111,2.836,10.2,0.6,0.0,0.0,32109.567
2007-01-25,1596.3439999999998,144.16,1158.0,262.0,11239.0,243.42436111111112,4.629305555555556,2.836,10.2,0.6,0.0,0.0,13946.733
2007-01-26,1617.972,142.90200000000002,1163.0,261.0,8238.0,242.77179166666667,4.72138888888889,2.836,10.2,0.6,0.0,0.0,17304.2
2007-01-27,2044.0720000000001,148.24200000000002,1170.0,3896.0,12374.0,241.61656944444442,5.949861111111112,2.836,10.2,0.6,0.0,0.0,16627.867
2007-01-28,3090.2039999999997,153.35199999999998,3466.0,3997.0,12045.0,240.30478804725502,9.133703961084088,2.836,10.2,0.6,0.0,0.0,31995.4
2007-01-29,1982.664,165.696,1123.0,294.0,15254.0,240.9295972222222,5.788888888888889,2.836,10.2,0.6,0.0,0.0,16373.4
2007-01-30,1707.798,180.93400000000003,1123.0,1424.0,8149.0,241.84087499999998,5.028194444444445,2.836,10.2,0.6,0.0,0.0,17767.3
2007-01-31,2363.752,185.988,0.0,5950.0,15052.0,239.92113194444443,6.923611111111111,2.836,10.2,0.6,0.0,0.0,18393.867
2007-02-01,1824.76,150.264,1170.0,386.0,13145.0,240.3921388888889,5.332499999999999,8.4117,13.333,6.5,3.0,0.0,15711.667
2007-02-02,1667.7359999999999,139.542,0.0,356.0,11338.0,240.3343888888889,4.870833333333334,8.4117,13.333,6.5,3.0,0.0,16101.6
2007-02-03,4029.722,245.824,4746.0,4573.0,17834.0,238.91019444444444,11.815972222222221,8.4117,13.333,6.5,3.0,0.0,40009.033
2007-02-04,3595.94,186.494,3391.0,4597.0,14472.0,239.63333333333333,10.565416666666666,8.4117,13.333,6.5,3.0,0.0,37472.333
2007-02-05,1645.28,147.228,896.0,2564.0,7849.0,240.81031250000004,4.8204166666666675,8.4117,13.333,6.5,3.0,0.0,16112.333
2007-02-06,1273.48,142.566,1185.0,405.0,4517.0,241.26415972222225,3.7719444444444448,8.4117,13.333,6.5,3.0,0.0,15117.667
2007-02-07,2328.018,177.70800000000003,3299.0,3513.0,11986.0,241.1496944444444,6.791666666666667,8.4117,13.333,6.5,3.0,0.0,20002.3
2007-02-08,1801.414,138.89600000000002,2226.0,366.0,10157.0,241.79730555555554,5.248333333333333,8.4117,13.333,6.5,3.0,0.0,17274.567
2007-02-09,1620.198,158.066,0.0,3045.0,9770.0,241.74044444444445,4.727222222222223,8.4117,13.333,6.5,3.0,0.0,14188.3
2007-02-10,2829.3280000000004,192.974,5071.0,2831.0,14405.0,240.0368263888889,8.303749999999999,8.4117,13.333,6.5,3.0,0.0,24848.467
2007-02-11,3571.228,204.314,2430.0,4765.0,13114.0,239.5061458333333,10.526805555555555,8.4117,13.333,6.5,3.0,0.0,39211.467
2007-02-12,1877.6100000000001,136.704,2227.0,399.0,11517.0,240.09849999999997,5.503472222222222,8.4117,13.333,6.5,3.0,0.0,17150.5
2007-02-13,1414.5459999999998,134.678,0.0,2828.0,6256.0,241.16685416666667,4.143749999999999,8.4117,13.333,6.5,3.0,0.0,14491.767
2007-02-14,2498.672,202.506,3295.0,3793.0,11579.0,240.3753888888889,7.315138888888888,8.4117,13.333,6.5,3.0,0.0,22977.533
2007-02-15,1985.3459999999998,165.964,0.0,2363.0,14028.0,240.66922222222226,5.820277777777778,8.4117,13.333,6.5,3.0,0.0,16698.1
2007-02-16,1702.528,151.686,1148.0,859.0,8689.0,240.82094444444448,5.0465277777777775,8.4117,13.333,6.5,3.0,0.0,17679.467
2007-02-17,2076.912,238.96800000000002,1765.0,2226.0,7157.0,239.31603472222224,6.129166666666666,8.4117,13.333,6.5,3.0,0.0,23467.2
2007-02-18,3829.762,255.52200000000002,6107.0,8003.0,13129.0,239.17080555555557,11.238888888888887,8.4117,13.333,6.5,3.0,0.0,36590.367
2007-02-19,2186.6139999999996,176.584,1634.0,2900.0,13085.0,239.78958333333333,6.442222222222222,8.4117,13.333,6.5,3.0,0.0,18824.567
2007-02-20,3149.928,187.15800000000002,2058.0,5191.0,9713.0,239.86544444444445,9.168472222222222,8.4117,13.333,6.5,3.0,0.0,35536.8
2007-02-21,2072.8740000000003,189.87,3527.0,2332.0,11548.0,240.46096527777777,6.0744444444444445,8.4117,13.333,6.5,3.0,0.0,17140.9
2007-02-22,3369.478,137.954,1409.0,4129.0,12251.0,238.62353963838666,9.870792767732963,8.4117,13.333,6.5,3.0,0.0,38368.967
2007-02-23,1313.48,149.344,0.0,503.0,10786.0,240.68596527777777,3.825416666666667,8.4117,13.333,6.5,3.0,0.0,10602.333
2007-02-24,714.9219999999999,122.202,0.0,363.0,3562.0,239.86310416666666,2.085833333333333,8.4117,13.333,6.5,3.0,0.0,7990.367
2007-02-25,501.74,113.73599999999999,0.0,329.0,1660.0,241.6815486111111,1.4622222222222225,8.4117,13.333,6.5,3.0,0.0,6373.333
2007-02-26,568.484,108.28,0.0,331.0,2830.0,241.2735902777778,1.6588888888888886,8.4117,13.333,6.5,3.0,0.0,6313.733
2007-02-27,518.112,113.20400000000001,0.0,314.0,1924.0,242.94427083333332,1.5245833333333334,8.4117,13.333,6.5,3.0,0.0,6397.2
2007-02-28,520.774,113.372,0.0,340.0,1973.0,242.15959027777777,1.5284722222222222,8.4117,13.333,6.5,3.0,0.0,6366.567
2007-03-01,517.5640000000001,107.62799999999999,0.0,316.0,1980.0,241.32140277777773,1.508888888888889,4.3217,12.833,2.667,0.0,0.0,6330.067
2007-03-02,515.6880000000001,107.00799999999998,0.0,340.0,1969.0,240.59159722222225,1.5068055555555557,4.3217,12.833,2.667,0.0,0.0,6285.8
2007-03-03,819.122,134.99200000000002,0.0,347.0,4597.0,241.2880833333333,2.401111111111111,4.3217,12.833,2.667,0.0,0.0,8708.033
2007-03-04,2090.7000000000003,175.68200000000002,1476.0,8711.0,9408.0,240.02979861111115,6.158194444444444,4.3217,12.833,2.667,0.0,0.0,15250.0
2007-03-05,2660.332,205.95600000000002,5727.0,12109.0,10026.0,240.03090972222222,7.840277777777778,4.3217,12.833,2.667,0.0,0.0,16476.867
2007-03-06,1246.5,186.148,0.0,1740.0,4700.0,240.98806944444442,3.6956944444444444,4.3217,12.833,2.667,0.0,0.0,14335.0
2007-03-07,2375.206,171.2,1076.0,4761.0,15513.0,240.32356250000004,6.935,4.3217,12.833,2.667,0.0,0.0,18236.767
2007-03-08,1572.132,187.404,2180.0,3385.0,6655.0,240.6654236111111,4.6651388888888885,4.3217,12.833,2.667,0.0,0.0,13982.2
2007-03-09,1272.612,119.238,1093.0,345.0,8631.0,240.88846527777778,3.73125,4.3217,12.833,2.667,0.0,0.0,11141.2
2007-03-10,2484.712,243.52800000000002,4130.0,5422.0,10979.0,239.80283333333335,7.341944444444445,4.3217,12.833,2.667,0.0,0.0,20880.867
2007-03-11,3480.636,173.374,4810.0,3420.0,9500.0,240.00729166666667,10.121527777777779,4.3217,12.833,2.667,0.0,0.0,40280.6
2007-03-12,1950.6680000000001,134.422,1403.0,2841.0,12353.0,240.55871527777776,5.728472222222222,4.3217,12.833,2.667,0.0,0.0,15914.133
2007-03-13,1290.144,126.71799999999999,1350.0,3859.0,5323.0,240.89796527777779,3.8056944444444443,4.3217,12.833,2.667,0.0,0.0,10970.4
2007-03-14,1793.3639999999998,157.522,3485.0,480.0,8607.0,240.77729166666666,5.2675,4.3217,12.833,2.667,0.0,0.0,17317.4
2007-03-15,1884.8139999999999,159.326,0.0,3263.0,11036.0,240.28049305555558,5.523194444444445,4.3217,12.833,2.667,0.0,0.0,17114.567
2007-03-16,1702.054,130.208,1106.0,4604.0,5370.0,239.52713194444445,4.992361111111111,4.3217,12.833,2.667,0.0,0.0,17287.567
2007-03-17,2028.0899999999997,127.068,2208.0,359.0,12275.0,238.22465277777778,5.946111111111111,4.3217,12.833,2.667,0.0,0.0,18959.5
2007-03-18,2371.046,241.45000000000002,6564.0,7369.0,5856.0,241.04781944444449,7.007916666666667,4.3217,12.833,2.667,0.0,0.0,19728.433
2007-03-19,2152.518,144.764,1648.0,2686.0,14118.0,240.49709027777777,6.281944444444444,4.3217,12.833,2.667,0.0,0.0,17423.3
2007-03-20,2086.228,164.87,3745.0,2837.0,11255.0,240.81563888888886,6.151249999999999,4.3217,12.833,2.667,0.0,0.0,16933.467
2007-03-21,2142.0919999999996,142.82999999999998,1865.0,4133.0,12335.0,240.98664583333334,6.237222222222221,4.3217,12.833,2.667,0.0,0.0,17368.533
2007-03-22,1454.9779999999998,113.82600000000001,353.0,736.0,10462.0,241.7635277777778,4.223055555555556,4.3217,12.833,2.667,0.0,0.0,12698.633
2007-03-23,1309.008,119.488,1127.0,777.0,8369.0,241.64547916666666,3.803750000000001,4.3217,12.833,2.667,0.0,0.0,11543.8
2007-03-24,2968.43,191.024,3707.0,5797.0,16382.0,239.7044722222222,8.703333333333333,4.3217,12.833,2.667,0.0,0.0,23587.833
2007-03-25,3336.124,235.972,4630.0,3600.0,9358.0,240.0327588603197,9.722307157748437,4.3217,12.833,2.667,0.0,0.0,38014.067
2007-03-26,1416.0819999999999,160.966,1088.0,344.0,9096.0,241.3368125,4.183055555555555,4.3217,12.833,2.667,0.0,0.0,13073.367
2007-03-27,1105.14,151.726,0.0,3019.0,3697.0,240.60197916666664,3.296527777777778,4.3217,12.833,2.667,0.0,0.0,11703.0
2007-03-28,2333.898,196.51800000000003,1122.0,8527.0,13888.0,240.4446111111111,6.854583333333332,4.3217,12.833,2.667,0.0,0.0,15361.3
2007-03-29,1590.406,198.69600000000003,1162.0,460.0,10724.0,240.53668749999997,4.676805555555556,4.3217,12.833,2.667,0.0,0.0,14160.767
2007-03-30,1402.3939999999998,181.128,1094.0,468.0,8217.0,241.03922916666667,4.189583333333333,4.3217,12.833,2.667,0.0,0.0,13594.233
2007-03-31,3509.51,231.50400000000005,2620.0,7707.0,17682.0,239.26077083333334,10.264722222222222,4.3217,12.833,2.667,0.0,0.0,30482.833
2007-04-01,2785.952,202.55200000000002,4629.0,5401.0,19509.0,240.02448611111112,8.149444444444443,1.0567,1.0,0.833,0.667,0.0,16893.533
2007-04-02,1960.7779999999998,174.336,1755.0,970.0,16641.0,240.46011805555557,5.71263888888889,1.0567,1.0,0.833,0.667,0.0,13313.633
2007-04-03,1642.82,168.76000000000002,3630.0,1042.0,7637.0,240.50495833333335,4.84625,1.0567,1.0,0.833,0.667,0.0,15071.333
2007-04-04,2051.8680000000004,172.318,3434.0,420.0,14748.0,240.33178472222218,5.98625,1.0567,1.0,0.833,0.667,0.0,15595.8
2007-04-05,1844.078,244.53799999999998,1086.0,4277.0,10523.0,241.1731041666667,5.491527777777777,1.0567,1.0,0.833,0.667,0.0,14848.633
2007-04-06,1601.1399999999999,143.214,0.0,5466.0,9166.0,241.18445138888887,4.688611111111111,1.0567,1.0,0.833,0.667,0.0,12053.667
2007-04-07,1553.924,138.73,1127.0,3111.0,5923.0,240.37859027777782,4.564583333333332,1.0567,1.0,0.833,0.667,0.0,15737.733
2007-04-08,1608.8160000000003,135.882,0.0,485.0,3545.0,240.3491805555555,4.71986111111111,1.0567,1.0,0.833,0.667,0.0,22783.6
2007-04-09,1000.9200000000001,160.11,2667.0,514.0,3801.0,240.55048611111113,2.974583333333333,1.0567,1.0,0.833,0.667,0.0,9700.0
2007-04-10,777.3639999999999,148.94,209.0,742.0,2572.0,240.8137013888889,2.3473611111111112,1.0567,1.0,0.833,0.667,0.0,9433.067
2007-04-11,887.482,192.446,0.0,1112.0,6421.0,241.1548263888889,2.61875,1.0567,1.0,0.833,0.667,0.0,7258.367
2007-04-12,537.706,147.812,0.0,541.0,1818.0,240.25606249999998,1.5979166666666667,1.0567,1.0,0.833,0.667,0.0,6602.767
2007-04-13,551.022,151.64,0.0,558.0,1988.0,240.05048611111107,1.6433333333333333,1.0567,1.0,0.833,0.667,0.0,6637.7
2007-04-14,554.268,155.61,0.0,578.0,2008.0,240.31314583333332,1.6513888888888888,1.0567,1.0,0.833,0.667,0.0,6651.8
2007-04-15,726.164,171.544,0.0,1026.0,2893.0,240.23668749999996,2.186527777777777,1.0567,1.0,0.833,0.667,0.0,8183.733
2007-04-16,952.39,186.074,952.0,1305.0,4656.0,240.6571388888889,2.8724999999999996,1.0567,1.0,0.833,0.667,0.0,8960.167
2007-04-17,1223.734,218.354,1532.0,389.0,6199.0,240.19566666666668,3.690833333333333,1.0567,1.0,0.833,0.667,0.0,12275.567
2007-04-18,998.2460000000001,165.224,1579.0,355.0,3430.0,240.14677777777777,2.9954166666666664,1.0567,1.0,0.833,0.667,0.0,11273.433
2007-04-19,1028.658,149.66,733.0,1605.0,5748.0,240.4298402777778,3.055833333333333,1.0567,1.0,0.833,0.667,0.0,9058.3
2007-04-20,822.58,145.64600000000002,1069.0,360.0,3499.0,240.13289583333332,2.494861111111111,1.0567,1.0,0.833,0.667,0.0,8781.667
2007-04-21,1673.6560000000004,212.658,6575.0,463.0,11129.0,239.21323611111112,5.035694444444444,1.0567,1.0,0.833,0.667,0.0,9727.267
2007-04-22,2233.714,267.194,4264.0,2287.0,11102.0,239.60888194444448,6.688472222222222,1.0567,1.0,0.833,0.667,0.0,19575.567
2007-04-23,1054.566,135.64000000000001,1402.0,506.0,6005.0,237.23564583333334,3.264166666666666,1.0567,1.0,0.833,0.667,0.0,9663.1
2007-04-24,1032.1,135.264,1125.0,527.0,6680.0,235.3449236111111,3.1448611111111116,1.0567,1.0,0.833,0.667,0.0,8869.667
2007-04-25,1264.162,164.736,0.0,1469.0,8812.0,234.94111111111113,3.858055555555556,1.0567,1.0,0.833,0.667,0.0,10788.367
2007-04-26,1275.466,163.606,1324.0,1845.0,7163.0,234.78729861111108,3.9237500000000005,1.0567,1.0,0.833,0.667,0.0,10925.767
2007-04-27,1094.3319999999999,161.928,1772.0,545.0,4756.0,235.21616666666668,3.3125,1.0567,1.0,0.833,0.667,0.0,11165.867
2007-04-28,22.738,2.8600000000000003,0.0,18.0,0.0,233.98619047619047,4.6380952380952385,1.0567,1.0,0.833,0.667,0.0,360.967
2007-04-29,0.0,0.0,0.0,0.0,0.0,,,1.0567,1.0,0.833,0.667,0.0,0.0
2007-04-30,420.82199999999995,71.718,1214.0,500.0,1131.0,234.8700347222222,3.2392361111111105,1.0567,1.0,0.833,0.667,0.0,4168.7
2007-05-01,1663.8580000000002,181.608,4005.0,995.0,8546.0,234.67870138888887,5.073333333333333,8.136700000000001,13.0,6.667,2.333,0.0,14184.967
2007-05-02,1003.4860000000001,160.092,7.0,1490.0,3754.0,235.58207638888894,3.1415277777777777,8.136700000000001,13.0,6.667,2.333,0.0,11473.767
2007-05-03,1090.238,150.942,1906.0,1725.0,7836.0,235.1348888888889,3.307638888888889,8.136700000000001,13.0,6.667,2.333,0.0,6703.633
2007-05-04,998.1279999999999,174.74,2259.0,538.0,3990.0,235.71019444444443,3.0780555555555558,8.136700000000001,13.0,6.667,2.333,0.0,9848.467
2007-05-05,1563.0520000000001,174.10200000000003,2913.0,2493.0,11303.0,235.03502083333333,4.736111111111111,8.136700000000001,13.0,6.667,2.333,0.0,9341.867
2007-05-06,2102.104,182.33599999999998,3215.0,949.0,10095.0,234.4096527777778,6.409027777777778,8.136700000000001,13.0,6.667,2.333,0.0,20776.067
2007-05-07,1643.6639999999998,168.918,946.0,4935.0,9433.0,234.5369722222222,4.980972222222222,8.136700000000001,13.0,6.667,2.333,0.0,12080.4
2007-05-08,1789.2920000000001,181.612,4581.0,2011.0,8777.0,234.9062361111111,5.356388888888888,8.136700000000001,13.0,6.667,2.333,0.0,14452.533
2007-05-09,1665.7359999999999,183.48399999999998,3018.0,5631.0,9474.0,234.87372222222226,5.056111111111111,8.136700000000001,13.0,6.667,2.333,0.0,9639.267
2007-05-10,707.884,168.314,946.0,534.0,3261.0,235.79625694444442,2.2068055555555555,8.136700000000001,13.0,6.667,2.333,0.0,7057.067
2007-05-11,979.154,132.096,926.0,491.0,6471.0,235.22975694444443,3.027638888888889,8.136700000000001,13.0,6.667,2.333,0.0,8431.233
2007-05-12,1441.566,209.17200000000003,2247.0,1075.0,10408.0,234.72290277777776,4.360555555555555,8.136700000000001,13.0,6.667,2.333,0.0,10296.1
2007-05-13,1634.7379999999998,220.67000000000002,3612.0,2414.0,8958.0,235.7087083333333,4.969166666666665,8.136700000000001,13.0,6.667,2.333,0.0,12261.633
2007-05-14,1467.782,298.552,3176.0,2417.0,5517.0,235.69006944444442,4.574166666666667,8.136700000000001,13.0,6.667,2.333,0.0,13353.033
2007-05-15,904.392,111.18200000000002,0.0,408.0,5318.0,235.61199305555556,2.733333333333334,8.136700000000001,13.0,6.667,2.333,0.0,9347.2
2007-05-16,1692.944,135.894,2213.0,5756.0,9077.0,235.26081250000001,5.071805555555556,8.136700000000001,13.0,6.667,2.333,0.0,11169.733
2007-05-17,1231.816,131.188,1014.0,2073.0,7687.0,235.86845833333334,3.720972222222222,8.136700000000001,13.0,6.667,2.333,0.0,9756.267
2007-05-18,1631.53,171.258,3270.0,3913.0,8116.0,235.9945972222222,4.876666666666666,8.136700000000001,13.0,6.667,2.333,0.0,11893.167
2007-05-19,1429.442,167.858,4683.0,530.0,7022.0,234.94472222222223,4.319305555555555,8.136700000000001,13.0,6.667,2.333,0.0,11589.033
2007-05-20,1968.328,187.53199999999998,5420.0,1733.0,7611.0,235.34811805555557,5.941527777777777,8.136700000000001,13.0,6.667,2.333,0.0,18041.467
2007-05-21,1120.062,117.28,0.0,468.0,9060.0,234.6919097222222,3.338611111111111,8.136700000000001,13.0,6.667,2.333,0.0,9139.7
2007-05-22,1132.8519999999999,128.916,931.0,3966.0,3984.0,235.48057638888892,3.3998611111111114,8.136700000000001,13.0,6.667,2.333,0.0,9999.867
2007-05-23,1464.9360000000001,165.87800000000001,956.0,3792.0,8119.0,234.81249305555554,4.3975,8.136700000000001,13.0,6.667,2.333,0.0,11548.6
2007-05-24,1154.388,135.56,955.0,4116.0,4746.0,235.54606249999998,3.462083333333333,8.136700000000001,13.0,6.667,2.333,0.0,9422.8
2007-05-25,1614.2200000000003,174.588,8060.0,586.0,6539.0,234.44720138888886,4.863472222222222,8.136700000000001,13.0,6.667,2.333,0.0,11718.667
2007-05-26,1512.248,174.24,2373.0,2754.0,8628.0,235.0698888888889,4.562777777777778,8.136700000000001,13.0,6.667,2.333,0.0,11449.133
2007-05-27,2153.808,219.894,4366.0,5534.0,10444.0,234.90843750000002,6.506527777777778,8.136700000000001,13.0,6.667,2.333,0.0,15552.8
2007-05-28,1637.4679999999998,151.10000000000002,4554.0,473.0,9586.0,234.90657638888888,4.921944444444444,8.136700000000001,13.0,6.667,2.333,0.0,12678.133
2007-05-29,1061.34,113.244,0.0,1907.0,4332.0,235.6943472222222,3.2072222222222226,8.136700000000001,13.0,6.667,2.333,0.0,11450.0
2007-05-30,1609.866,147.058,2250.0,5948.0,7804.0,234.83139583333332,4.8284722222222225,8.136700000000001,13.0,6.667,2.333,0.0,10829.1
2007-05-31,938.55,129.586,935.0,477.0,3552.0,235.09652777777777,2.791805555555556,8.136700000000001,13.0,6.667,2.333,0.0,10678.5
2007-06-01,1044.918,143.18200000000002,0.0,483.0,7664.0,235.32332175121613,3.135649756775539,4.5466999999999995,10.333,4.0,0.667,0.0,9268.3
2007-06-02,1484.362,166.108,3971.0,1250.0,7633.0,234.4690277777778,4.474027777777778,4.5466999999999995,10.333,4.0,0.667,0.0,11885.367
2007-06-03,2108.026,182.458,4985.0,7529.0,8334.0,234.76237499999996,6.352916666666666,4.5466999999999995,10.333,4.0,0.667,0.0,14285.767
2007-06-04,911.6179999999999,223.192,1585.0,836.0,4533.0,234.7480694444444,2.822222222222222,4.5466999999999995,10.333,4.0,0.667,0.0,8239.633
2007-06-05,1458.892,255.692,4484.0,1027.0,6448.0,234.69276388888886,4.465138888888889,4.5466999999999995,10.333,4.0,0.667,0.0,12355.867
2007-06-06,1693.638,231.06000000000003,3329.0,829.0,11663.0,234.62163307852674,5.108825573314801,4.5466999999999995,10.333,4.0,0.667,0.0,12406.3
2007-06-07,985.0020000000001,172.334,985.0,699.0,3959.0,234.47880555555554,2.9823611111111115,4.5466999999999995,10.333,4.0,0.667,0.0,10773.7
2007-06-08,2148.046,229.732,2799.0,11440.0,11380.0,236.19744444444444,6.448194444444446,4.5466999999999995,10.333,4.0,0.667,0.0,10181.767
2007-06-09,1059.814,226.656,852.0,596.0,6590.0,240.70545649072753,3.2562054208273894,4.5466999999999995,10.333,4.0,0.667,0.0,9625.567
2007-06-10,1340.812,239.09199999999998,4202.0,1924.0,5983.0,240.84428472222223,4.005694444444445,4.5466999999999995,10.333,4.0,0.667,0.0,10237.867
2007-06-11,794.654,194.63400000000001,0.0,487.0,5328.0,240.85675000000003,2.4179166666666667,4.5466999999999995,10.333,4.0,0.667,0.0,7429.233
2007-06-12,918.766,216.41600000000003,1882.0,475.0,3898.0,240.2248958333333,2.8586111111111117,4.5466999999999995,10.333,4.0,0.667,0.0,9057.767
2007-06-13,927.2719999999999,208.26000000000002,957.0,857.0,5216.0,240.39760416666667,2.8175000000000003,4.5466999999999995,10.333,4.0,0.667,0.0,8424.533
2007-06-14,1259.084,231.696,3322.0,2147.0,7054.0,239.84778472222223,3.783333333333333,4.5466999999999995,10.333,4.0,0.667,0.0,8461.733
2007-06-15,989.604,251.762,2269.0,4011.0,4547.0,240.46438194444443,3.0662499999999997,4.5466999999999995,10.333,4.0,0.667,0.0,5666.4
2007-06-16,2017.7620000000002,307.558,3289.0,4498.0,11108.0,239.5016944444444,5.975,4.5466999999999995,10.333,4.0,0.667,0.0,14734.367
2007-06-17,1947.0900000000001,239.81400000000002,4124.0,5038.0,8734.0,240.21918055555554,5.7693055555555555,4.5466999999999995,10.333,4.0,0.667,0.0,14555.5
2007-06-18,678.4739999999999,180.81,0.0,529.0,4241.0,240.77620138888892,2.07875,4.5466999999999995,10.333,4.0,0.667,0.0,6537.9
2007-06-19,842.36,187.98600000000002,973.0,535.0,4357.0,240.26925591098748,2.5607788595271206,4.5466999999999995,10.333,4.0,0.667,0.0,8174.333
2007-06-20,1074.286,227.302,1761.0,2588.0,5106.0,240.15616666666668,3.3068055555555564,4.5466999999999995,10.333,4.0,0.667,0.0,8449.767
2007-06-21,806.9459999999999,222.546,932.0,2400.0,3711.0,240.57494444444447,2.500833333333333,4.5466999999999995,10.333,4.0,0.667,0.0,6406.1
2007-06-22,566.294,208.526,0.0,951.0,3482.0,240.83563194444443,1.8073611111111114,4.5466999999999995,10.333,4.0,0.667,0.0,5005.233
2007-06-23,477.566,193.12,0.0,786.0,2402.0,240.31896527777775,1.5356944444444445,4.5466999999999995,10.333,4.0,0.667,0.0,4771.433
2007-06-24,714.656,179.36200000000002,0.0,791.0,3449.0,241.1322152777778,2.2076388888888885,4.5466999999999995,10.333,4.0,0.667,0.0,7670.933
2007-06-25,1072.202,197.27000000000004,1985.0,3621.0,4816.0,240.4222638888889,3.25,4.5466999999999995,10.333,4.0,0.667,0.0,7448.033
2007-06-26,944.908,182.42000000000002,971.0,1334.0,5231.0,240.09450694444442,2.877083333333333,4.5466999999999995,10.333,4.0,0.667,0.0,8212.467
2007-06-27,1480.826,206.998,2603.0,6451.0,7270.0,239.7584097222222,4.429166666666666,4.5466999999999995,10.333,4.0,0.667,0.0,8356.433
2007-06-28,1295.438,217.446,0.0,4368.0,9541.0,239.4236666666667,3.8895833333333334,4.5466999999999995,10.333,4.0,0.667,0.0,7681.633
2007-06-29,1304.198,206.19400000000002,4363.0,667.0,6797.0,240.18230020847813,3.9424600416956217,4.5466999999999995,10.333,4.0,0.667,0.0,9909.633
2007-06-30,1335.314,188.354,3049.0,792.0,8376.0,240.01161111111108,3.9715277777777778,4.5466999999999995,10.333,4.0,0.667,0.0,10038.233
2007-07-01,1026.664,172.44799999999998,969.0,736.0,4690.0,240.06715277777778,3.080694444444444,7.805,12.667,5.167,3.5,0.0,10716.067
2007-07-02,967.032,176.924,1018.0,5281.0,3445.0,240.6718125,2.9277777777777776,7.805,12.667,5.167,3.5,0.0,6373.2
2007-07-03,1059.9119999999998,180.33800000000002,467.0,3214.0,4695.0,240.1869375,3.230694444444445,7.805,12.667,5.167,3.5,0.0,9289.2
2007-07-04,1003.41,253.334,2329.0,2218.0,5632.0,240.65963194444444,3.0954166666666665,7.805,12.667,5.167,3.5,0.0,6544.5
2007-07-05,1057.29,246.716,2922.0,770.0,3973.0,240.44444444444446,3.2331944444444445,7.805,12.667,5.167,3.5,0.0,9956.5
2007-07-06,1069.524,219.35,2826.0,3563.0,4005.0,240.59945138888887,3.2686111111111105,7.805,12.667,5.167,3.5,0.0,7431.4
2007-07-07,1358.206,214.044,997.0,3047.0,10177.0,239.91013888888887,4.034861111111112,7.805,12.667,5.167,3.5,0.0,8415.767
2007-07-08,1089.08,196.92000000000002,1825.0,2831.0,5277.0,240.33889583333334,3.289305555555556,7.805,12.667,5.167,3.5,0.0,8218.333
2007-07-09,1180.1580000000001,172.42200000000003,923.0,594.0,9386.0,240.61764583333337,3.5162500000000003,7.805,12.667,5.167,3.5,0.0,8766.3
2007-07-10,908.324,176.24400000000003,67.0,2227.0,4631.0,239.98305555555555,2.786111111111111,7.805,12.667,5.167,3.5,0.0,8213.733
2007-07-11,722.3519999999999,153.856,1015.0,647.0,5284.0,241.0300347222222,2.1994444444444445,7.805,12.667,5.167,3.5,0.0,5093.2
2007-07-12,1069.582,209.098,1029.0,2550.0,6419.0,240.76461805555556,3.2336111111111108,7.805,12.667,5.167,3.5,0.0,7828.367
2007-07-13,794.3820000000001,206.69400000000002,0.0,633.0,4427.0,240.85480555555557,2.450833333333333,7.805,12.667,5.167,3.5,0.0,8179.7
2007-07-14,1288.1699999999998,258.45,3775.0,1968.0,6604.0,241.29188194444444,3.894027777777778,7.805,12.667,5.167,3.5,0.0,9122.5
2007-07-15,917.024,233.182,862.0,632.0,5585.0,240.59654961832064,3.0916030534351147,7.805,12.667,5.167,3.5,0.0,8204.733
2007-07-16,853.6740000000001,233.95999999999998,830.0,695.0,4176.0,236.50723611111113,2.660555555555556,7.805,12.667,5.167,3.5,0.0,8526.9
2007-07-17,719.6320000000001,176.088,848.0,694.0,3335.0,234.74125694444442,2.2762499999999997,7.805,12.667,5.167,3.5,0.0,7116.867
2007-07-18,757.082,156.51399999999998,909.0,671.0,4628.0,231.0882291666667,2.3868055555555556,7.805,12.667,5.167,3.5,0.0,6410.033
2007-07-19,677.886,187.012,1068.0,703.0,3130.0,234.26186111111107,2.1438888888888887,7.805,12.667,5.167,3.5,0.0,6397.1
2007-07-20,1110.422,223.11800000000002,2111.0,2418.0,4765.0,235.5689027777778,3.451666666666666,7.805,12.667,5.167,3.5,0.0,9213.033
2007-07-21,1060.248,236.15800000000002,428.0,512.0,7756.0,234.256625,3.291527777777778,7.805,12.667,5.167,3.5,0.0,8974.8
2007-07-22,1375.7740000000001,218.246,7091.0,2136.0,5563.0,235.96373175816544,4.226546212647672,7.805,12.667,5.167,3.5,0.0,8139.567
2007-07-23,991.018,143.76999999999998,1747.0,1288.0,3847.0,234.50086805555554,3.075972222222222,7.805,12.667,5.167,3.5,0.0,9634.967
2007-07-24,825.284,112.80999999999999,0.0,1607.0,5599.0,235.36304166666667,2.5509722222222218,7.805,12.667,5.167,3.5,0.0,6548.733
2007-07-25,472.55999999999995,108.234,0.0,151.0,2333.0,235.6410486111111,1.4793055555555554,7.805,12.667,5.167,3.5,0.0,5392.0
2007-07-26,924.5,115.092,975.0,3633.0,4346.0,234.9437222222222,2.8381944444444445,7.805,12.667,5.167,3.5,0.0,6454.333
2007-07-27,1202.514,120.45599999999999,1837.0,49.0,7157.0,235.5536805555555,3.6233333333333335,7.805,12.667,5.167,3.5,0.0,10998.9
2007-07-28,1621.862,178.73000000000002,907.0,10265.0,6559.0,235.50723611111113,4.941666666666666,7.805,12.667,5.167,3.5,0.0,9300.033
2007-07-29,321.116,118.576,0.0,0.0,1288.0,235.71203472222223,1.0334722222222223,7.805,12.667,5.167,3.5,0.0,4063.933
2007-07-30,466.816,129.492,0.0,0.0,2528.0,235.5302291666667,1.4672222222222224,7.805,12.667,5.167,3.5,0.0,5252.267
2007-07-31,812.3320000000001,145.786,3277.0,0.0,3575.0,234.91481249999998,2.5025,7.805,12.667,5.167,3.5,0.0,6686.867
2007-08-01,1060.3380000000002,142.55599999999998,1583.0,0.0,9812.0,235.00917547568713,3.253417899929528,14.496,13.8,7.2,4.4,0.0,6277.3
2007-08-02,1019.4159999999999,144.954,482.0,0.0,6869.0,234.85659027777777,3.087083333333333,14.496,13.8,7.2,4.4,0.0,9639.267
2007-08-03,1063.364,125.38799999999999,958.0,0.0,9139.0,234.4856041666667,3.2072222222222218,14.496,13.8,7.2,4.4,0.0,7625.733
2007-08-04,1144.99,139.226,552.0,398.0,7966.0,235.25722222222223,3.4523611111111108,14.496,13.8,7.2,4.4,0.0,10167.167
2007-08-05,787.098,151.25400000000002,169.0,0.0,6647.0,235.11527083333334,2.436805555555556,14.496,13.8,7.2,4.4,0.0,6302.3
2007-08-06,1089.72,154.434,1096.0,0.0,7985.0,234.70274305555552,3.317083333333333,14.496,13.8,7.2,4.4,0.0,9081.0
2007-08-07,1483.58,131.182,437.0,2168.0,9042.0,234.55388194444447,4.425972222222222,14.496,13.8,7.2,4.4,0.0,13079.333
2007-08-08,1125.482,119.096,1055.0,1111.0,9660.0,234.51237499999996,3.3805555555555555,14.496,13.8,7.2,4.4,0.0,6932.033
2007-08-09,1071.6799999999998,109.47399999999999,182.0,4515.0,6646.0,234.21438888888886,3.2723611111111115,14.496,13.8,7.2,4.4,0.0,6518.333
2007-08-10,1028.01,117.65599999999999,336.0,2651.0,8287.0,234.48881250000002,3.1297222222222216,14.496,13.8,7.2,4.4,0.0,5859.5
2007-08-11,1091.65,115.77000000000001,1180.0,910.0,10339.0,234.98018055555553,3.2856944444444443,14.496,13.8,7.2,4.4,0.0,5765.167
2007-08-12,1241.904,127.776,1123.0,1156.0,8582.0,235.6648541666667,3.742777777777778,14.496,13.8,7.2,4.4,0.0,9837.4
2007-08-13,1153.0120000000002,130.94,93.0,476.0,11101.0,235.21656944444445,3.44875,14.496,13.8,7.2,4.4,0.0,7546.867
2007-08-14,941.19,132.01,951.0,685.0,6256.0,237.07638888888889,2.8541666666666665,14.496,13.8,7.2,4.4,0.0,7794.5
2007-08-15,1191.8600000000001,159.764,338.0,508.0,9787.0,239.9934097222222,3.542083333333333,14.496,13.8,7.2,4.4,0.0,9231.333
2007-08-16,958.496,131.53199999999998,962.0,0.0,7476.0,239.73765972222222,2.843888888888889,14.496,13.8,7.2,4.4,0.0,7536.933
2007-08-17,1009.8919999999999,127.388,244.0,0.0,7769.0,240.4940486111111,2.9815277777777776,14.496,13.8,7.2,4.4,0.0,8818.533
2007-08-18,347.96,119.24000000000001,0.0,0.0,1830.0,241.27963194444447,1.078888888888889,14.496,13.8,7.2,4.4,0.0,3969.333
2007-08-19,1422.294,160.01800000000003,1025.0,8912.0,5989.0,239.9536666666667,4.2619444444444445,14.496,13.8,7.2,4.4,0.0,7778.9
2007-08-20,1338.842,155.88,1032.0,6965.0,7383.0,241.30069444444445,3.9633333333333325,14.496,13.8,7.2,4.4,0.0,6934.033
2007-08-21,642.556,157.308,0.0,38.0,3296.0,240.57305555555556,1.961111111111111,14.496,13.8,7.2,4.4,0.0,7375.267
2007-08-22,1209.808,154.288,3048.0,1836.0,7241.0,240.81731944444445,3.57125,14.496,13.8,7.2,4.4,0.0,8038.467
2007-08-23,1112.312,157.95399999999998,2502.0,259.0,5342.0,240.64730555555556,3.330277777777778,14.496,13.8,7.2,4.4,0.0,10435.533
2007-08-24,1656.214,262.692,1891.0,3782.0,9944.0,240.4946421125782,4.938568450312718,14.496,13.8,7.2,4.4,0.0,11986.567
2007-08-25,1150.88,272.548,4149.0,2191.0,5678.0,239.8598263888889,3.55375,14.496,13.8,7.2,4.4,0.0,7163.333
2007-08-26,1314.906,299.38800000000003,1541.0,3645.0,5658.0,239.95091666666664,4.012638888888889,14.496,13.8,7.2,4.4,0.0,11071.1
2007-08-27,1211.73,299.084,2305.0,1229.0,6344.0,239.9235833333333,3.6912500000000006,14.496,13.8,7.2,4.4,0.0,10317.5
2007-08-28,997.0039999999999,181.114,1038.0,2468.0,5483.0,239.54987499999996,2.996111111111111,14.496,13.8,7.2,4.4,0.0,7627.733
2007-08-29,747.9920000000001,175.426,957.0,562.0,4932.0,240.74499305555554,2.2795833333333335,14.496,13.8,7.2,4.4,0.0,6015.533
2007-08-30,1202.458,191.048,3822.0,2580.0,4221.0,240.57317361111112,3.604305555555556,14.496,13.8,7.2,4.4,0.0,9417.967
2007-08-31,1279.8220000000001,187.256,1200.0,666.0,8738.0,239.9857013888889,3.788472222222222,14.496,13.8,7.2,4.4,0.0,10726.367
2007-09-01,1701.4859999999999,289.846,2497.0,569.0,9733.0,239.35574305555556,5.065416666666668,1.83,4.667,1.333,0.0,0.0,15559.1
2007-09-02,1662.4679999999998,231.598,3613.0,1617.0,8806.0,240.04533333333336,5.017222222222222,1.83,4.667,1.333,0.0,0.0,13671.8
2007-09-03,1038.922,188.422,621.0,2515.0,5323.0,239.62034722222222,3.1306944444444444,1.83,4.667,1.333,0.0,0.0,8856.367
2007-09-04,1584.944,179.626,2928.0,3501.0,9821.0,239.6596666666667,4.755972222222223,1.83,4.667,1.333,0.0,0.0,10165.733
2007-09-05,1236.572,148.86399999999998,0.0,4144.0,6705.0,239.1481597222222,3.697638888888889,1.83,4.667,1.333,0.0,0.0,9760.533
2007-09-06,901.4739999999999,172.026,0.0,3888.0,3461.0,239.34004861111114,2.752222222222222,1.83,4.667,1.333,0.0,0.0,7675.567
2007-09-07,1336.496,181.738,3632.0,551.0,9388.0,239.0317013888889,4.007222222222222,1.83,4.667,1.333,0.0,0.0,8703.933
2007-09-08,1469.752,186.33,3339.0,1801.0,9164.0,239.73044444444443,4.391944444444444,1.83,4.667,1.333,0.0,0.0,10191.867
2007-09-09,1679.502,209.15200000000002,2184.0,4438.0,9233.0,238.92214583333333,5.054027777777777,1.83,4.667,1.333,0.0,0.0,12136.7
2007-09-10,1117.376,177.498,935.0,595.0,5613.0,239.3886597222222,3.36375,1.83,4.667,1.333,0.0,0.0,11479.933
2007-09-11,983.5720000000001,151.764,943.0,550.0,5792.0,240.0719930555556,2.9520833333333334,1.83,4.667,1.333,0.0,0.0,9107.867
2007-09-12,1287.7640000000001,171.794,0.0,3217.0,7755.0,240.0150555555556,3.86,1.83,4.667,1.333,0.0,0.0,10490.733
2007-09-13,1146.3819999999998,165.95800000000003,1175.0,2523.0,3853.0,239.30983333333336,3.4644444444444447,1.83,4.667,1.333,0.0,0.0,11555.367
2007-09-14,1135.47,183.12600000000003,901.0,676.0,5804.0,239.30189583333333,3.444722222222222,1.83,4.667,1.333,0.0,0.0,11543.5
2007-09-15,1095.312,184.466,0.0,1449.0,6464.0,240.0019722222222,3.278194444444444,1.83,4.667,1.333,0.0,0.0,10342.2
2007-09-16,1652.2240000000002,192.352,3118.0,3064.0,9310.0,239.56046527777778,4.96625,1.83,4.667,1.333,0.0,0.0,12045.067
2007-09-17,1461.186,202.31400000000002,6651.0,926.0,6279.0,239.21479861111112,4.4134722222222225,1.83,4.667,1.333,0.0,0.0,10497.1
2007-09-18,1167.52,147.132,1888.0,2029.0,5425.0,238.26067361111112,3.5127777777777776,1.83,4.667,1.333,0.0,0.0,10116.667
2007-09-19,1298.684,151.79399999999998,0.0,2743.0,7937.0,240.30520833333333,3.8833333333333333,1.83,4.667,1.333,0.0,0.0,10964.733
2007-09-20,1255.5320000000002,132.908,1056.0,489.0,9996.0,239.71498611111113,3.720972222222222,1.83,4.667,1.333,0.0,0.0,9384.533
2007-09-21,1238.7799999999997,152.834,3130.0,2745.0,6316.0,239.38146527777778,3.732638888888889,1.83,4.667,1.333,0.0,0.0,8455.333
2007-09-22,1176.172,183.43200000000002,944.0,1311.0,7688.0,239.4830347222222,3.515138888888889,1.83,4.667,1.333,0.0,0.0,9659.867
2007-09-23,1417.97,242.97400000000005,2831.0,1929.0,7382.0,239.50043055555554,4.28,1.83,4.667,1.333,0.0,0.0,11490.833
2007-09-24,1354.5300000000002,197.62400000000002,929.0,3935.0,7955.0,238.6006041666667,4.078749999999999,1.83,4.667,1.333,0.0,0.0,9756.5
2007-09-25,1764.342,130.07800000000003,916.0,2253.0,9820.0,238.0996111111111,5.206388888888889,1.83,4.667,1.333,0.0,0.0,16416.7
2007-09-26,1822.2640000000001,168.628,1058.0,9415.0,5661.0,239.42456884561892,5.377051460361613,1.83,4.667,1.333,0.0,0.0,14237.067
2007-09-27,1392.6,150.71,1066.0,643.0,7324.0,239.56705555555553,4.0777777777777775,1.83,4.667,1.333,0.0,0.0,14177.0
2007-09-28,1680.498,222.71800000000002,996.0,3722.0,9952.0,239.46243055555553,4.994166666666667,1.83,4.667,1.333,0.0,0.0,13338.3
2007-09-29,2296.522,182.122,4085.0,7457.0,8190.0,239.1401111111111,6.7931944444444445,1.83,4.667,1.333,0.0,0.0,18543.367
2007-09-30,1516.29,163.58800000000002,1405.0,582.0,10225.0,240.0647847222222,4.452500000000001,1.83,4.667,1.333,0.0,0.0,13059.5
2007-10-01,1720.922,146.734,1507.0,6622.0,5960.0,239.23991666666666,5.0737499999999995,5.988,4.6,3.6,2.4,0.4,14593.033
2007-10-02,2198.8639999999996,161.828,508.0,8022.0,12815.0,238.49379166666665,6.474027777777778,5.988,4.6,3.6,2.4,0.4,15302.733
2007-10-03,1280.4540000000002,157.738,979.0,5024.0,3692.0,239.26106944444447,3.8,5.988,4.6,3.6,2.4,0.4,11645.9
2007-10-04,1518.4579999999999,138.448,2400.0,444.0,9710.0,239.20507638888884,4.454583333333334,5.988,4.6,3.6,2.4,0.4,12753.633
2007-10-05,1394.092,150.63600000000002,0.0,351.0,9425.0,238.8271111111111,4.089722222222221,5.988,4.6,3.6,2.4,0.4,13458.867
2007-10-06,1756.24,186.192,4840.0,347.0,9666.0,238.38071527777777,5.167638888888889,5.988,4.6,3.6,2.4,0.4,14417.667
2007-10-07,2106.114,153.178,2498.0,8255.0,10886.0,238.82627777777776,6.207916666666667,5.988,4.6,3.6,2.4,0.4,13462.9
2007-10-08,1095.2420000000002,121.89599999999999,0.0,420.0,5082.0,239.09654861111113,3.2311111111111113,5.988,4.6,3.6,2.4,0.4,12752.033
2007-10-09,1687.8579999999997,159.80200000000002,2034.0,2147.0,9290.0,238.87914583333335,4.982361111111111,5.988,4.6,3.6,2.4,0.4,14659.967
2007-10-10,1166.972,132.75199999999998,1863.0,2117.0,3345.0,239.42115972222226,3.4886111111111107,5.988,4.6,3.6,2.4,0.4,12124.533
2007-10-11,1732.446,153.108,2630.0,414.0,7806.0,238.44415277777776,5.109027777777778,5.988,4.6,3.6,2.4,0.4,18024.1
2007-10-12,1914.504,137.98399999999998,1020.0,5028.0,11659.0,238.48131249999997,5.667083333333333,5.988,4.6,3.6,2.4,0.4,14201.4
2007-10-13,1926.7279999999998,125.20400000000001,969.0,3799.0,8463.0,238.76540972222222,5.700694444444444,5.988,4.6,3.6,2.4,0.4,18881.133
2007-10-14,2061.252,150.05,2930.0,7494.0,7126.0,239.1010347222222,6.078749999999999,5.988,4.6,3.6,2.4,0.4,16804.2
2007-10-15,1266.33,118.18200000000002,1061.0,339.0,7654.0,239.29270833333334,3.7219444444444445,5.988,4.6,3.6,2.4,0.4,12051.5
2007-10-16,1964.4419999999998,185.41400000000002,0.0,7871.0,9876.0,238.86261805555554,5.823194444444444,5.988,4.6,3.6,2.4,0.4,14993.7
2007-10-17,1576.93,136.39999999999998,1065.0,453.0,8968.0,239.19213194444447,4.6369444444444445,5.988,4.6,3.6,2.4,0.4,15796.167
2007-10-18,1518.53,122.5,1162.0,317.0,9864.0,239.80028472222224,4.43375,5.988,4.6,3.6,2.4,0.4,13965.833
2007-10-19,2085.648,121.47800000000001,1299.0,3124.0,11648.0,239.65217361111112,6.103194444444445,5.988,4.6,3.6,2.4,0.4,18689.8
2007-10-20,1660.2459999999999,139.54399999999998,2363.0,296.0,13225.0,241.82481944444444,4.814722222222222,5.988,4.6,3.6,2.4,0.4,11786.767
2007-10-21,1941.94,154.028,3712.0,4357.0,7313.0,241.49074305555555,5.701666666666668,5.988,4.6,3.6,2.4,0.4,16983.667
2007-10-22,1652.8960000000002,116.41,0.0,299.0,13027.0,240.54540277777778,4.805833333333333,5.988,4.6,3.6,2.4,0.4,14222.267
2007-10-23,1954.6480000000001,127.48399999999998,1067.0,5186.0,10680.0,241.23185674547986,5.712100139082058,5.988,4.6,3.6,2.4,0.4,15644.467
2007-10-24,1865.6360000000002,146.782,4459.0,364.0,9115.0,240.80827083333335,5.473194444444444,5.988,4.6,3.6,2.4,0.4,17155.933
2007-10-25,1853.9180000000001,132.2,1478.0,2433.0,7385.0,240.47263194444443,5.413611111111111,5.988,4.6,3.6,2.4,0.4,19602.633
2007-10-26,1437.5680000000002,109.676,0.0,348.0,5766.0,240.68085416666665,4.365833333333334,5.988,4.6,3.6,2.4,0.4,17845.467
2007-10-27,1785.688,109.186,1374.0,4856.0,8949.0,240.20120833333334,5.309166666666667,5.988,4.6,3.6,2.4,0.4,14582.467
2007-10-28,512.158,92.298,0.0,283.0,1765.0,240.86605555555556,1.485277777777778,5.988,4.6,3.6,2.4,0.4,6487.967
2007-10-29,545.4279999999999,86.99799999999999,0.0,269.0,2749.0,241.19330555555555,1.5744444444444443,5.988,4.6,3.6,2.4,0.4,6072.467
2007-10-30,811.008,89.84,0.0,1935.0,4256.0,240.62592361111112,2.351388888888889,5.988,4.6,3.6,2.4,0.4,7325.8
2007-10-31,1283.21,107.2,0.0,4700.0,8915.0,240.33897916666666,3.7423611111111112,5.988,4.6,3.6,2.4,0.4,7771.833
2007-11-01,496.216,85.04599999999999,0.0,293.0,1991.0,240.93840277777778,1.4359722222222224,3.775,8.0,2.833,0.0,0.0,5986.267
2007-11-02,1443.602,93.362,1346.0,2115.0,12245.0,239.3489861111111,4.202638888888889,3.775,8.0,2.833,0.0,0.0,8354.033
2007-11-03,492.55,88.124,0.0,282.0,1936.0,240.19050694444445,1.4343055555555557,3.775,8.0,2.833,0.0,0.0,5991.167
2007-11-04,1485.6860000000001,138.802,0.0,4387.0,7068.0,240.2055208333333,4.384027777777778,3.775,8.0,2.833,0.0,0.0,13306.433
2007-11-05,1500.5919999999999,131.35,1265.0,397.0,6583.0,239.65911111111112,4.39625,3.775,8.0,2.833,0.0,0.0,16764.867
2007-11-06,2082.3779999999997,200.526,1105.0,5515.0,10690.0,238.70195833333335,6.149861111111111,3.775,8.0,2.833,0.0,0.0,17396.3
2007-11-07,1844.758,193.52,5042.0,301.0,6374.0,239.5649097222222,5.481111111111112,3.775,8.0,2.833,0.0,0.0,19028.967
2007-11-08,1501.06,134.698,1715.0,314.0,6500.0,240.7526458333333,4.435,3.775,8.0,2.833,0.0,0.0,16488.667
2007-11-09,2171.2259999999997,113.242,0.0,4573.0,15375.0,238.71543749999998,6.367222222222222,3.775,8.0,2.833,0.0,0.0,16239.1
2007-11-10,2611.6000000000004,237.652,3697.0,304.0,13767.0,239.11040972222222,7.706944444444445,3.775,8.0,2.833,0.0,0.0,25758.667
2007-11-11,1887.124,185.61,3445.0,320.0,6024.0,240.26026388888886,5.540555555555556,3.775,8.0,2.833,0.0,0.0,21663.067
2007-11-12,2156.146,137.46800000000002,1018.0,4165.0,13281.0,239.82559027777776,6.271944444444443,3.775,8.0,2.833,0.0,0.0,17471.767
2007-11-13,2214.398,140.952,978.0,4933.0,11076.0,241.12297916666668,6.4534722222222225,3.775,8.0,2.833,0.0,0.0,19919.633
2007-11-14,2047.9940000000001,141.59,1055.0,295.0,16345.0,239.9460277777778,5.940694444444444,3.775,8.0,2.833,0.0,0.0,16438.233
2007-11-15,1491.988,133.06600000000003,1606.0,571.0,7503.0,239.98499305555558,4.396388888888889,3.775,8.0,2.833,0.0,0.0,15186.467
2007-11-16,2309.754,123.97800000000001,1991.0,4660.0,13564.0,240.9835138888889,6.718055555555556,3.775,8.0,2.833,0.0,0.0,18280.9
2007-11-17,2610.094,168.02999999999997,2588.0,2199.0,14990.0,240.60342361111105,7.59888888888889,3.775,8.0,2.833,0.0,0.0,23724.567
2007-11-18,2183.858,161.762,5201.0,2097.0,7066.0,242.26045833333336,6.3476388888888895,3.775,8.0,2.833,0.0,0.0,22033.633
2007-11-19,1723.654,112.03,1089.0,253.0,10750.0,242.76635416666664,5.00625,3.775,8.0,2.833,0.0,0.0,16635.567
2007-11-20,2095.8559999999998,124.832,1015.0,3954.0,11026.0,241.33882638888886,6.090416666666666,3.775,8.0,2.833,0.0,0.0,18935.933
2007-11-21,1751.836,131.48000000000002,1139.0,549.0,9455.0,241.49676164002778,5.114940931202224,3.775,8.0,2.833,0.0,0.0,18054.267
2007-11-22,1932.3780000000002,143.10799999999998,2867.0,297.0,9001.0,241.56504861111114,5.65625,3.775,8.0,2.833,0.0,0.0,20041.3
2007-11-23,2522.618,138.912,2168.0,6181.0,13685.0,240.72236805555556,7.340694444444445,3.775,8.0,2.833,0.0,0.0,20009.633
2007-11-24,1899.054,150.512,1573.0,4131.0,13451.0,241.80274305555557,5.512638888888889,3.775,8.0,2.833,0.0,0.0,12495.9
2007-11-25,1395.598,122.776,3556.0,279.0,5678.0,242.66115972222218,4.086666666666667,3.775,8.0,2.833,0.0,0.0,13746.967
2007-11-26,1569.716,117.05000000000001,1088.0,288.0,8926.0,241.11649305555557,4.601388888888889,3.775,8.0,2.833,0.0,0.0,15859.933
2007-11-27,2801.012,139.994,1063.0,11020.0,15111.0,241.32109722222222,8.15625,3.775,8.0,2.833,0.0,0.0,19489.533
2007-11-28,1644.94,115.44200000000001,1182.0,769.0,7810.0,242.89480555555556,4.775555555555555,3.775,8.0,2.833,0.0,0.0,17654.667
2007-11-29,1719.23,118.71000000000001,2031.0,283.0,8818.0,242.73104239054896,5.018485059068798,3.775,8.0,2.833,0.0,0.0,17521.833
2007-11-30,2331.728,147.28,0.0,7941.0,13601.0,243.48774999999998,6.757222222222222,3.775,8.0,2.833,0.0,0.0,17320.133
2007-12-01,3134.9419999999996,288.892,9356.0,353.0,17847.0,240.2660833333333,9.191527777777779,5.3283000000000005,9.167,4.333,1.167,0.0,24693.033
2007-12-02,2946.188,325.082,2090.0,6915.0,10636.0,240.73000694444443,8.618611111111111,5.3283000000000005,9.167,4.333,1.167,0.0,29462.133
2007-12-03,1762.0600000000002,131.914,1141.0,299.0,10428.0,241.07959027777775,5.165555555555556,5.3283000000000005,9.167,4.333,1.167,0.0,17499.667
2007-12-04,2067.636,145.016,1012.0,5828.0,8561.0,241.53597916666666,6.045138888888889,5.3283000000000005,9.167,4.333,1.167,0.0,19059.6
2007-12-05,2153.12,178.398,3422.0,295.0,10919.0,241.22788194444445,6.348194444444444,5.3283000000000005,9.167,4.333,1.167,0.0,21249.333
2007-12-06,2487.9339999999997,161.93599999999998,4751.0,318.0,11908.0,239.7100972222222,7.337916666666667,5.3283000000000005,9.167,4.333,1.167,0.0,24488.567
2007-12-07,1769.0159999999998,147.64,459.0,3710.0,10263.0,240.67104861111116,5.157916666666666,5.3283000000000005,9.167,4.333,1.167,0.0,15051.6
2007-12-08,2213.404,154.34,1133.0,2354.0,12283.0,239.55993055555555,6.508055555555556,5.3283000000000005,9.167,4.333,1.167,0.0,21120.067
2007-12-09,2274.584,200.93599999999998,4176.0,2428.0,8728.0,239.9150763888889,6.701527777777779,5.3283000000000005,9.167,4.333,1.167,0.0,22577.733
2007-12-10,1758.754,125.012,1102.0,278.0,8281.0,241.90383333333335,5.174583333333333,5.3283000000000005,9.167,4.333,1.167,0.0,19651.567
2007-12-11,2305.104,133.698,1050.0,3817.0,12740.0,241.4602361111111,6.7122222222222225,5.3283000000000005,9.167,4.333,1.167,0.0,20811.4
2007-12-12,1588.0620000000001,116.88600000000001,1152.0,254.0,7759.0,242.47632638888888,4.591111111111112,5.3283000000000005,9.167,4.333,1.167,0.0,17302.7
2007-12-13,1847.746,111.48999999999998,1103.0,1448.0,8911.0,241.82734027777778,5.419583333333334,5.3283000000000005,9.167,4.333,1.167,0.0,19333.767
2007-12-14,1974.808,179.55,980.0,3849.0,12941.0,241.9859236111111,5.757777777777778,5.3283000000000005,9.167,4.333,1.167,0.0,15143.467
2007-12-15,2736.8759999999997,157.626,1706.0,3687.0,14313.0,241.28064583333332,7.9799999999999995,5.3283000000000005,9.167,4.333,1.167,0.0,25908.6
2007-12-16,2762.218,126.938,3410.0,2281.0,12929.0,242.6849861111111,7.992222222222222,5.3283000000000005,9.167,4.333,1.167,0.0,27416.967
2007-12-17,1797.0659999999998,105.09800000000001,1636.0,243.0,10567.0,242.62575399583042,5.189437109103545,5.3283000000000005,9.167,4.333,1.167,0.0,17505.1
2007-12-18,2623.194,144.08,1123.0,5810.0,11093.0,242.93998611111112,7.602083333333334,5.3283000000000005,9.167,4.333,1.167,0.0,25693.9
2007-12-19,2196.052,109.33600000000001,1233.0,2658.0,11679.0,242.70109722222224,6.334444444444444,5.3283000000000005,9.167,4.333,1.167,0.0,21030.867
2007-12-20,1949.7579999999998,119.43400000000001,1859.0,276.0,13592.0,243.16793750000002,5.613333333333333,5.3283000000000005,9.167,4.333,1.167,0.0,16768.967
2007-12-21,1982.576,106.47,1191.0,200.0,12251.0,242.88163194444445,5.713749999999999,5.3283000000000005,9.167,4.333,1.167,0.0,19400.933
2007-12-22,2611.264,141.314,3819.0,4550.0,12673.0,242.14553472222218,7.593472222222221,5.3283000000000005,9.167,4.333,1.167,0.0,22479.067
2007-12-23,2409.0480000000002,176.272,1971.0,3091.0,11962.0,242.5579375,6.982777777777777,5.3283000000000005,9.167,4.333,1.167,0.0,23126.8
2007-12-24,2257.848,149.754,2985.0,2316.0,14350.0,242.6504236111111,6.549722222222223,5.3283000000000005,9.167,4.333,1.167,0.0,17979.8
2007-12-25,2694.968,151.812,4588.0,3368.0,9084.0,242.98086805555553,7.790972222222222,5.3283000000000005,9.167,4.333,1.167,0.0,27876.133
2007-12-26,2580.2799999999997,140.314,1109.0,2773.0,9480.0,242.39239583333332,7.426111111111111,5.3283000000000005,9.167,4.333,1.167,0.0,29642.667
2007-12-27,2532.198,190.582,4122.0,1490.0,7960.0,242.11161111111113,7.395833333333333,5.3283000000000005,9.167,4.333,1.167,0.0,28631.3
2007-12-28,3113.052,206.79999999999998,1980.0,8554.0,15823.0,242.28447916666667,9.030555555555555,5.3283000000000005,9.167,4.333,1.167,0.0,25527.2
2007-12-29,3298.956,199.89200000000002,4836.0,2434.0,14906.0,240.55066666666664,9.56,5.3283000000000005,9.167,4.333,1.167,0.0,32806.6
2007-12-30,2558.916,178.43599999999998,3595.0,3597.0,13485.0,242.09917361111107,7.465694444444445,5.3283000000000005,9.167,4.333,1.167,0.0,21971.6
2007-12-31,2216.542,145.536,0.0,3457.0,14071.0,241.09479166666668,6.455,5.3283000000000005,9.167,4.333,1.167,0.0,19414.367
2008-01-01,2759.7380000000003,142.50799999999998,2461.0,2739.0,12355.0,241.03667361111115,7.978611111111111,5.536,10.4,3.2,2.0,0.2,28440.633
2008-01-02,1644.106,111.666,0.0,3094.0,8987.0,242.41745138888888,4.770416666666667,5.536,10.4,3.2,2.0,0.2,15320.767
2008-01-03,1510.1080000000002,121.182,1130.0,846.0,6671.0,243.0774583333333,4.401666666666666,5.536,10.4,3.2,2.0,0.2,16521.467
2008-01-04,2291.852,136.70600000000002,1241.0,5326.0,11752.0,241.27338194444442,6.715138888888889,5.536,10.4,3.2,2.0,0.2,19878.533
2008-01-05,2183.248,129.464,2113.0,286.0,14591.0,238.82294444444446,6.446805555555556,5.536,10.4,3.2,2.0,0.2,19397.467
2008-01-06,1825.1840000000002,116.958,1966.0,2445.0,7824.0,239.40729166666668,5.390138888888889,5.536,10.4,3.2,2.0,0.2,18184.733
2008-01-07,1695.814,116.172,1288.0,282.0,10294.0,240.74393750000002,4.915277777777778,5.536,10.4,3.2,2.0,0.2,16399.567
2008-01-08,2043.55,127.45200000000001,2197.0,3511.0,9793.0,240.82180555555558,5.989999999999999,5.536,10.4,3.2,2.0,0.2,18558.167
2008-01-09,1788.44,125.336,1162.0,284.0,8963.0,241.2586388888889,5.231944444444444,5.536,10.4,3.2,2.0,0.2,19398.333
2008-01-10,1894.0759999999998,120.50399999999999,1307.0,285.0,9992.0,240.80713888888886,5.5945833333333335,5.536,10.4,3.2,2.0,0.2,19983.933
2008-01-11,1705.8180000000002,95.484,1261.0,290.0,7997.0,240.41004861111108,4.963472222222222,5.536,10.4,3.2,2.0,0.2,18882.3
2008-01-12,2871.408,162.724,5594.0,2621.0,11116.0,239.96018055555558,8.523888888888889,5.536,10.4,3.2,2.0,0.2,28525.8
2008-01-13,2881.656,144.27800000000002,6505.0,340.0,9362.0,239.75119527449615,8.44933981931897,5.536,10.4,3.2,2.0,0.2,31820.6
2008-01-14,2024.9319999999998,120.11000000000001,5918.0,339.0,9738.0,240.29900694444444,6.014583333333333,5.536,10.4,3.2,2.0,0.2,17753.867
2008-01-15,2686.912,113.144,782.0,6883.0,14512.0,240.70948611111115,7.891250000000001,5.536,10.4,3.2,2.0,0.2,22604.867
2008-01-16,2135.852,128.93,1162.0,3430.0,9391.0,240.42214583333333,6.319583333333334,5.536,10.4,3.2,2.0,0.2,21614.533
2008-01-17,1572.282,116.718,1007.0,350.0,8657.0,241.62799305555555,4.6450000000000005,5.536,10.4,3.2,2.0,0.2,16190.7
2008-01-18,2186.988,119.29,1034.0,846.0,14983.0,239.93293055555557,6.432222222222223,5.536,10.4,3.2,2.0,0.2,19586.8
2008-01-19,1980.306,134.982,2521.0,6054.0,8015.0,239.60592361111108,5.828888888888889,5.536,10.4,3.2,2.0,0.2,16415.1
2008-01-20,1740.368,138.614,1775.0,380.0,4940.0,239.94454166666668,5.148888888888889,5.536,10.4,3.2,2.0,0.2,21911.133
2008-01-21,1858.998,122.39999999999999,0.0,376.0,10447.0,239.56475,5.519027777777778,5.536,10.4,3.2,2.0,0.2,20160.3
2008-01-22,2325.018,143.462,4670.0,7640.0,7552.0,240.09477777777778,6.92875,5.536,10.4,3.2,2.0,0.2,18888.3
2008-01-23,1882.308,107.98400000000001,1116.0,387.0,13359.0,240.90704861111112,5.520277777777777,5.536,10.4,3.2,2.0,0.2,16509.8
2008-01-24,1645.022,104.30600000000001,1107.0,320.0,5935.0,240.77922916666665,4.887916666666667,5.536,10.4,3.2,2.0,0.2,20055.033
2008-01-25,2239.8559999999998,119.626,0.0,2421.0,11409.0,240.70544444444442,6.544027777777779,5.536,10.4,3.2,2.0,0.2,23500.933
2008-01-26,2834.9880000000003,168.42200000000003,4925.0,311.0,15606.0,239.7602083333333,8.366666666666667,5.536,10.4,3.2,2.0,0.2,26407.8
2008-01-27,2381.766,140.758,3725.0,3818.0,7367.0,241.30367361111115,6.984861111111112,5.536,10.4,3.2,2.0,0.2,24786.1
2008-01-28,2308.196,107.836,1142.0,280.0,12792.0,240.46677777777776,6.769583333333334,5.536,10.4,3.2,2.0,0.2,24255.933
2008-01-29,2676.024,117.176,1487.0,6199.0,11077.0,240.62310416666668,7.842222222222223,5.536,10.4,3.2,2.0,0.2,25837.4
2008-01-30,1640.646,116.47,0.0,261.0,7261.0,241.61465277777776,4.826388888888889,5.536,10.4,3.2,2.0,0.2,19822.1
2008-01-31,1953.922,137.57600000000002,1165.0,267.0,9437.0,241.88574999999997,5.793333333333333,5.536,10.4,3.2,2.0,0.2,21696.367
2008-02-01,1534.652,179.25,336.0,280.0,7241.0,240.36027083333335,4.5176388888888885,2.7933,7.833,1.667,0.833,0.0,17720.533
2008-02-02,2936.034,230.968,6247.0,2764.0,15188.0,240.2905142460042,8.649478804725504,2.7933,7.833,1.667,0.833,0.0,24734.9
2008-02-03,2084.568,153.708,2319.0,4435.0,8452.0,240.34072222222224,6.135694444444444,2.7933,7.833,1.667,0.833,0.0,19536.8
2008-02-04,1628.138,104.03399999999999,1161.0,252.0,9531.0,240.25520833333334,4.777222222222223,2.7933,7.833,1.667,0.833,0.0,16191.633
2008-02-05,2472.456,152.786,1098.0,7803.0,13717.0,240.97691666666668,7.2105555555555565,2.7933,7.833,1.667,0.833,0.0,18589.6
2008-02-06,1669.54,114.25999999999999,2114.0,356.0,8428.0,238.41371527777778,4.9336111111111105,2.7933,7.833,1.667,0.833,0.0,16927.667
2008-02-07,1518.31,108.706,0.0,295.0,8089.0,241.07054861111112,4.439305555555555,2.7933,7.833,1.667,0.833,0.0,16921.167
2008-02-08,1950.5639999999996,119.09400000000001,940.0,1921.0,9563.0,240.43311805555555,5.747222222222222,2.7933,7.833,1.667,0.833,0.0,20085.4
2008-02-09,2102.276,144.52800000000002,2050.0,2838.0,10293.0,241.7645069444444,6.09,2.7933,7.833,1.667,0.833,0.0,19856.933
2008-02-10,2184.714,151.73600000000002,2562.0,2955.0,10128.0,241.2752013888889,6.396805555555555,2.7933,7.833,1.667,0.833,0.0,20766.9
2008-02-11,1692.016,102.24600000000001,1018.0,297.0,8930.0,241.69219444444445,4.931805555555556,2.7933,7.833,1.667,0.833,0.0,17955.267
2008-02-12,1987.798,130.946,2009.0,1856.0,12138.0,239.50915277777779,5.847083333333333,2.7933,7.833,1.667,0.833,0.0,17126.967
2008-02-13,1900.498,128.478,2530.0,3615.0,7568.0,241.20309722222223,5.5801388888888885,2.7933,7.833,1.667,0.833,0.0,17961.967
2008-02-14,1604.6219999999998,113.646,1300.0,291.0,9299.0,240.7648194444444,4.68375,2.7933,7.833,1.667,0.833,0.0,15853.7
2008-02-15,2005.208,107.952,1109.0,1723.0,13417.0,241.8906041666667,5.78125,2.7933,7.833,1.667,0.833,0.0,17171.133
2008-02-16,2346.9480000000003,138.99400000000003,1076.0,2360.0,11599.0,241.08755555555553,6.893888888888889,2.7933,7.833,1.667,0.833,0.0,24080.8
2008-02-17,1933.368,120.07600000000001,3182.0,2257.0,6049.0,242.46983333333333,5.654444444444445,2.7933,7.833,1.667,0.833,0.0,20734.8
2008-02-18,1514.404,101.97200000000001,0.0,251.0,10345.0,242.06393055555554,4.37625,2.7933,7.833,1.667,0.833,0.0,14644.067
2008-02-19,2126.9159999999997,137.56799999999998,1881.0,4711.0,11200.0,241.01013194444442,6.219722222222222,2.7933,7.833,1.667,0.833,0.0,17656.6
2008-02-20,2253.79,190.26799999999997,3655.0,5516.0,7704.0,241.66968749999998,6.608333333333333,2.7933,7.833,1.667,0.833,0.0,20688.167
2008-02-21,1633.85,112.274,0.0,307.0,8523.0,240.7503888888889,4.788472222222223,2.7933,7.833,1.667,0.833,0.0,18400.833
2008-02-22,1732.5639999999999,121.68799999999999,1167.0,1985.0,10101.0,241.43576388888889,5.055277777777778,2.7933,7.833,1.667,0.833,0.0,15623.067
2008-02-23,1833.9700000000003,132.504,1684.0,2250.0,10040.0,239.67264255910987,5.411543810848401,2.7933,7.833,1.667,0.833,0.0,16592.167
2008-02-24,1263.008,107.332,754.0,332.0,11447.0,240.37779861111113,3.638888888888889,2.7933,7.833,1.667,0.833,0.0,8517.133
2008-02-25,504.488,91.72,0.0,321.0,1856.0,239.77600694444445,1.4555555555555555,2.7933,7.833,1.667,0.833,0.0,6231.133
2008-02-26,507.12,84.59,0.0,295.0,2013.0,239.5333263888889,1.4590277777777778,2.7933,7.833,1.667,0.833,0.0,6144.0
2008-02-27,566.72,86.168,0.0,326.0,2969.0,239.55402083333337,1.6341666666666665,2.7933,7.833,1.667,0.833,0.0,6150.333
2008-02-28,509.1840000000001,83.24799999999999,0.0,281.0,2028.0,239.80427083333336,1.4669444444444442,2.7933,7.833,1.667,0.833,0.0,6177.4
2008-02-29,1333.348,88.94800000000001,0.0,3773.0,8062.0,238.03849305555556,3.872638888888889,2.7933,7.833,1.667,0.833,0.0,10387.467
2008-03-01,1141.8760000000002,105.15799999999999,0.0,1287.0,2724.0,239.4315138888889,3.277638888888889,8.4383,18.333,6.833,1.333,0.0,15020.267
2008-03-02,1162.2259999999999,144.71,0.0,5244.0,2565.0,239.74624305555554,3.425,8.4383,18.333,6.833,1.333,0.0,11561.433
2008-03-03,1040.55,114.334,0.0,2207.0,1755.0,240.3519861111111,2.9775,8.4383,18.333,6.833,1.333,0.0,13380.5
2008-03-04,1668.9899999999998,108.958,1249.0,2443.0,9415.0,241.02641666666665,4.867638888888889,8.4383,18.333,6.833,1.333,0.0,14709.5
2008-03-05,2037.208,140.898,1145.0,9797.0,5529.0,241.06524305555556,5.970833333333333,8.4383,18.333,6.833,1.333,0.0,17482.467
2008-03-06,2503.208,106.184,1082.0,372.0,6965.0,240.4292291666667,7.214583333333334,8.4383,18.333,6.833,1.333,0.0,33301.133
2008-03-07,1862.9560000000001,129.392,1235.0,3471.0,9033.0,240.81606944444442,5.441666666666666,8.4383,18.333,6.833,1.333,0.0,17310.267
2008-03-08,2248.66,237.07999999999998,6286.0,346.0,8435.0,241.59095138888887,6.588333333333334,8.4383,18.333,6.833,1.333,0.0,22410.667
2008-03-09,1560.458,135.574,2607.0,333.0,4155.0,240.74638194444444,4.59111111111111,8.4383,18.333,6.833,1.333,0.0,18912.633
2008-03-10,1618.6859999999997,127.124,2009.0,368.0,8660.0,241.72734722222222,4.7125,8.4383,18.333,6.833,1.333,0.0,15941.1
2008-03-11,2200.0420000000004,151.10000000000002,1271.0,3901.0,12936.0,240.42415277777775,6.4669444444444455,8.4383,18.333,6.833,1.333,0.0,18559.367
2008-03-12,1774.232,138.19400000000002,1120.0,2374.0,11042.0,241.05720833333334,5.1722222222222225,8.4383,18.333,6.833,1.333,0.0,15034.533
2008-03-13,1675.5140000000001,128.474,3263.0,3590.0,5464.0,240.802625,4.941666666666666,8.4383,18.333,6.833,1.333,0.0,15608.233
2008-03-14,2210.22,159.74800000000002,980.0,3881.0,14476.0,240.62736805555556,6.446249999999999,8.4383,18.333,6.833,1.333,0.0,17500.0
2008-03-15,1576.3000000000002,154.412,2550.0,502.0,5910.0,240.19799305555554,4.6506944444444445,8.4383,18.333,6.833,1.333,0.0,17309.667
2008-03-16,1801.96,173.65200000000002,2394.0,566.0,11286.0,241.29466666666667,5.298333333333334,8.4383,18.333,6.833,1.333,0.0,15786.667
2008-03-17,1706.9180000000001,175.274,236.0,6651.0,9346.0,240.8052291666667,5.006944444444445,8.4383,18.333,6.833,1.333,0.0,12215.633
2008-03-18,1917.5659999999998,147.44,1156.0,4019.0,12544.0,241.9289861111111,5.571944444444445,8.4383,18.333,6.833,1.333,0.0,14240.433
2008-03-19,1308.4479999999999,142.498,2110.0,411.0,6154.0,242.40221527777777,3.825555555555556,8.4383,18.333,6.833,1.333,0.0,13132.467
2008-03-20,1253.2740000000001,120.85399999999998,1107.0,478.0,6670.0,241.76258333333334,3.6595833333333334,8.4383,18.333,6.833,1.333,0.0,12632.9
2008-03-21,2066.442,223.824,2171.0,4778.0,13275.0,241.36990972222225,6.038194444444445,8.4383,18.333,6.833,1.333,0.0,14216.7
2008-03-22,2053.516,185.68,3322.0,588.0,12405.0,241.61215277777777,6.020277777777778,8.4383,18.333,6.833,1.333,0.0,17910.267
2008-03-23,2325.99,152.44600000000003,6279.0,2112.0,13878.0,242.65262500000003,6.790555555555557,8.4383,18.333,6.833,1.333,0.0,16497.5
2008-03-24,1974.6680000000001,131.05,1131.0,5988.0,7008.0,242.70725503822098,5.7578874218207075,8.4383,18.333,6.833,1.333,0.0,18784.133
2008-03-25,2015.8560000000002,127.83200000000001,2246.0,3677.0,13494.0,242.1382152777778,5.870555555555555,8.4383,18.333,6.833,1.333,0.0,14180.6
2008-03-26,1633.472,133.598,2547.0,3831.0,7547.0,242.8097986111111,4.763055555555555,8.4383,18.333,6.833,1.333,0.0,13299.533
2008-03-27,1370.8220000000001,116.44,0.0,356.0,9022.0,242.0955416666667,3.9608333333333334,8.4383,18.333,6.833,1.333,0.0,13469.033
2008-03-28,1885.424,137.64,2325.0,3605.0,11581.0,242.32334027777782,5.479027777777778,8.4383,18.333,6.833,1.333,0.0,13912.733
2008-03-29,2471.1499999999996,175.068,5153.0,375.0,17240.0,241.25354861111114,7.209305555555557,8.4383,18.333,6.833,1.333,0.0,18417.833
2008-03-30,2146.3920000000003,175.97000000000003,5045.0,1315.0,9769.0,241.16375694444443,6.2775,8.4383,18.333,6.833,1.333,0.0,19644.2
2008-03-31,1377.57,130.86,1091.0,411.0,9387.0,242.72704166666662,4.005972222222223,8.4383,18.333,6.833,1.333,0.0,12070.5
2008-04-01,2129.0519999999997,170.39600000000002,1079.0,6657.0,14515.0,241.61580555555557,6.202500000000001,5.9833,13.0,4.667,0.833,0.0,13233.2
2008-04-02,1691.672,142.54,1106.0,3674.0,7989.0,238.6671597222222,5.007638888888889,5.9833,13.0,4.667,0.833,0.0,15425.533
2008-04-03,1128.756,121.23600000000002,0.0,422.0,6901.0,240.69424305555552,3.2808333333333333,5.9833,13.0,4.667,0.833,0.0,11489.6
2008-04-04,1631.918,125.306,2133.0,775.0,13246.0,241.33105555555554,4.726388888888889,5.9833,13.0,4.667,0.833,0.0,11044.633
2008-04-05,1970.762,203.684,2929.0,874.0,13644.0,240.55802777777777,5.784861111111112,5.9833,13.0,4.667,0.833,0.0,15399.033
2008-04-06,1696.318,150.572,1124.0,2615.0,7552.0,241.14960416666662,4.946388888888889,5.9833,13.0,4.667,0.833,0.0,16980.967
2008-04-07,1538.8380000000002,141.28,2420.0,672.0,9466.0,243.2283263888889,4.484166666666667,5.9833,13.0,4.667,0.833,0.0,13089.3
2008-04-08,2657.5159999999996,184.176,2752.0,10713.0,17519.0,242.06658333333334,7.6994444444444445,5.9833,13.0,4.667,0.833,0.0,13307.933
2008-04-09,1218.8519999999999,132.864,0.0,376.0,9003.0,242.31770833333334,3.5229166666666667,5.9833,13.0,4.667,0.833,0.0,10935.2
2008-04-10,1477.746,163.68,3261.0,457.0,6527.0,241.94904861111112,4.305416666666667,5.9833,13.0,4.667,0.833,0.0,14384.1
2008-04-11,1877.6639999999998,143.89000000000001,1802.0,491.0,14522.0,240.75837500000003,5.452638888888888,5.9833,13.0,4.667,0.833,0.0,14479.4
2008-04-12,2800.0139999999997,392.272,7076.0,2499.0,15225.0,241.0631736111111,8.218194444444444,5.9833,13.0,4.667,0.833,0.0,21866.9
2008-04-13,2232.986,213.514,2554.0,5942.0,13007.0,240.42332638888885,6.551805555555554,5.9833,13.0,4.667,0.833,0.0,15713.433
2008-04-14,1589.5819999999999,154.958,0.0,425.0,11197.0,242.31405555555554,4.604305555555555,5.9833,13.0,4.667,0.833,0.0,14871.033
2008-04-15,1670.406,178.782,1174.0,3998.0,9874.0,241.23874305555555,4.909583333333333,5.9833,13.0,4.667,0.833,0.0,12794.1
2008-04-16,1489.064,125.904,838.0,403.0,11322.0,241.74438888888892,4.316111111111111,5.9833,13.0,4.667,0.833,0.0,12254.733
2008-04-17,1395.862,145.87800000000001,1719.0,417.0,8638.0,241.40359722222223,4.104305555555556,5.9833,13.0,4.667,0.833,0.0,12490.367
2008-04-18,1862.3899999999999,184.64600000000002,2174.0,3832.0,10921.0,240.6415763888889,5.457638888888889,5.9833,13.0,4.667,0.833,0.0,14112.833
2008-04-19,2253.71,245.284,4319.0,2457.0,14722.0,241.14318055555555,6.636111111111111,5.9833,13.0,4.667,0.833,0.0,16063.833
2008-04-20,1791.4180000000001,227.85399999999998,1030.0,4544.0,10401.0,241.43287499999997,5.260555555555555,5.9833,13.0,4.667,0.833,0.0,13881.967
2008-04-21,1164.156,175.4,0.0,2673.0,6788.0,241.99249305555557,3.404166666666667,5.9833,13.0,4.667,0.833,0.0,9941.6
2008-04-22,1627.676,193.15,971.0,5093.0,10603.0,240.95971527777778,4.7725,5.9833,13.0,4.667,0.833,0.0,10460.933
2008-04-23,1357.328,189.502,1380.0,492.0,8406.0,241.51134027777778,3.9675,5.9833,13.0,4.667,0.833,0.0,12344.133
2008-04-24,1043.772,171.92400000000004,1263.0,522.0,5296.0,240.60532638888893,3.0580555555555557,5.9833,13.0,4.667,0.833,0.0,10315.2
2008-04-25,1267.734,162.224,824.0,2004.0,9400.0,241.00715277777778,3.7,5.9833,13.0,4.667,0.833,0.0,8900.9
2008-04-26,903.1659999999999,168.69600000000003,0.0,634.0,3586.0,240.79256250000003,2.634027777777778,5.9833,13.0,4.667,0.833,0.0,10832.767
2008-04-27,1008.24,198.118,693.0,588.0,5488.0,240.90728472222222,2.96375,5.9833,13.0,4.667,0.833,0.0,10035.0
2008-04-28,659.0519999999999,167.11800000000002,0.0,621.0,2786.0,240.97845833333332,1.9506944444444445,5.9833,13.0,4.667,0.833,0.0,7577.2
2008-04-29,1972.616,215.356,1402.0,5411.0,10481.0,240.70690277777777,5.770694444444444,5.9833,13.0,4.667,0.833,0.0,15582.933
2008-04-30,1101.7259999999999,171.55599999999998,1057.0,590.0,6653.0,241.43364583333334,3.2186111111111106,5.9833,13.0,4.667,0.833,0.0,10062.1
2008-05-01,576.014,150.69600000000003,0.0,530.0,2586.0,241.4462638888889,1.7023611111111114,6.995,8.5,4.5,1.667,0.0,6484.233
2008-05-02,1497.768,205.56799999999998,3114.0,584.0,8687.0,241.64894444444442,4.377777777777778,6.995,8.5,4.5,1.667,0.0,12577.8
2008-05-03,1289.6,202.004,996.0,541.0,6535.0,240.8336875,3.8009722222222218,6.995,8.5,4.5,1.667,0.0,13421.333
2008-05-04,1470.97,209.42200000000003,2196.0,2872.0,5464.0,241.38047916666667,4.3625,6.995,8.5,4.5,1.667,0.0,13984.167
2008-05-05,1366.9319999999998,185.75,1008.0,378.0,10197.0,240.73685416666666,3.9977777777777774,6.995,8.5,4.5,1.667,0.0,11199.2
2008-05-06,1789.9799999999998,199.596,1354.0,5410.0,12200.0,240.2903194444444,5.245972222222222,6.995,8.5,4.5,1.667,0.0,10869.0
2008-05-07,1176.2640000000001,190.95600000000002,1030.0,423.0,6649.0,241.0812638888889,3.4574999999999996,6.995,8.5,4.5,1.667,0.0,11502.4
2008-05-08,2116.698,253.24400000000003,3667.0,702.0,12717.0,239.85129166666667,6.178472222222222,6.995,8.5,4.5,1.667,0.0,18192.3
2008-05-09,1747.272,229.87400000000002,2229.0,423.0,11904.0,240.47122222222222,5.136111111111111,6.995,8.5,4.5,1.667,0.0,14565.2
2008-05-10,1909.1280000000002,289.814,6950.0,612.0,11714.0,240.08622916666667,5.636388888888889,6.995,8.5,4.5,1.667,0.0,12542.8
2008-05-11,1610.9199999999998,275.702,563.0,1340.0,6930.0,240.48559722222222,4.804166666666666,6.995,8.5,4.5,1.667,0.0,18015.667
2008-05-12,1524.2040000000002,229.14000000000001,2082.0,1085.0,11959.0,241.04162499999995,4.519444444444445,6.995,8.5,4.5,1.667,0.0,10277.4
2008-05-13,1476.8939999999998,236.468,823.0,4089.0,8370.0,240.3740625,4.391805555555556,6.995,8.5,4.5,1.667,0.0,11332.9
2008-05-14,1584.2620000000002,277.374,2467.0,3436.0,9716.0,240.7085138888889,4.713333333333333,6.995,8.5,4.5,1.667,0.0,10785.367
2008-05-15,1162.768,237.72400000000005,868.0,570.0,6820.0,240.35039583333335,3.522083333333333,6.995,8.5,4.5,1.667,0.0,11121.467
2008-05-16,1648.0300000000002,235.202,2228.0,2565.0,8955.0,239.62024339360224,4.9222531293463145,6.995,8.5,4.5,1.667,0.0,13719.167
2008-05-17,1657.454,275.896,2158.0,935.0,12472.0,239.4728611111111,4.951527777777778,6.995,8.5,4.5,1.667,0.0,12059.233
2008-05-18,1803.958,254.49200000000002,1775.0,5355.0,8626.0,239.68268749999996,5.4094444444444445,6.995,8.5,4.5,1.667,0.0,14309.967
2008-05-19,1030.2620000000002,175.736,1014.0,558.0,7503.0,240.43187500000002,3.0694444444444446,6.995,8.5,4.5,1.667,0.0,8096.033
2008-05-20,1581.3339999999998,184.082,1352.0,2431.0,11977.0,241.01960416666665,4.682222222222222,6.995,8.5,4.5,1.667,0.0,10595.567
2008-05-21,1324.112,190.32600000000002,1989.0,474.0,9251.0,240.7605138888889,3.9166666666666665,6.995,8.5,4.5,1.667,0.0,10354.533
2008-05-22,976.8679999999999,169.816,996.0,440.0,6475.0,239.50019444444442,2.9559722222222224,6.995,8.5,4.5,1.667,0.0,8370.133
2008-05-23,1484.9160000000002,178.95800000000003,0.0,1390.0,14734.0,239.49885416666666,4.358611111111111,6.995,8.5,4.5,1.667,0.0,8624.6
2008-05-24,1580.176,285.55,1027.0,569.0,12833.0,240.72490277777777,4.669027777777777,6.995,8.5,4.5,1.667,0.0,11907.267
2008-05-25,2048.504,290.416,4307.0,8811.0,6016.0,239.94564583333332,6.136527777777778,6.995,8.5,4.5,1.667,0.0,15007.733
2008-05-26,1289.71,220.698,985.0,666.0,9284.0,240.36368750000003,3.929722222222222,6.995,8.5,4.5,1.667,0.0,10560.167
2008-05-27,1708.7,207.466,0.0,5352.0,11478.0,239.39086805555553,5.1073611111111115,6.995,8.5,4.5,1.667,0.0,11648.333
2008-05-28,1114.3719999999998,235.644,3138.0,512.0,6709.0,241.3226944444445,3.3505555555555557,6.995,8.5,4.5,1.667,0.0,8213.867
2008-05-29,1135.076,186.832,1004.0,507.0,8703.0,237.67515972222222,3.4756944444444446,6.995,8.5,4.5,1.667,0.0,8703.933
2008-05-30,1397.2440000000001,182.21800000000002,0.0,3019.0,11298.0,240.5536944444444,4.202916666666667,6.995,8.5,4.5,1.667,0.0,8970.4
2008-05-31,1641.4699999999998,249.92400000000004,1764.0,2328.0,11858.0,240.65420138888888,4.923055555555555,6.995,8.5,4.5,1.667,0.0,11407.833
2008-06-01,1848.8759999999997,225.34000000000003,1906.0,545.0,11307.0,240.62318055555556,5.423194444444444,1.7167000000000001,5.167,0.667,0.0,0.0,17056.6
2008-06-02,1074.0120000000002,165.158,960.0,558.0,6341.0,236.369875,3.2180555555555554,1.7167000000000001,5.167,0.667,0.0,0.0,10041.2
2008-06-03,1597.816,173.938,2897.0,2608.0,9265.0,234.15220833333333,4.844166666666666,1.7167000000000001,5.167,0.667,0.0,0.0,11860.267
2008-06-04,1588.9119999999998,152.404,1550.0,7682.0,6508.0,234.70647222222223,4.8277777777777775,1.7167000000000001,5.167,0.667,0.0,0.0,10741.867
2008-06-05,1120.078,153.106,1747.0,506.0,8781.0,235.1638263888889,3.3976388888888893,1.7167000000000001,5.167,0.667,0.0,0.0,7633.967
2008-06-06,1217.714,174.51999999999998,1009.0,506.0,7871.0,239.7169375,3.6720833333333327,1.7167000000000001,5.167,0.667,0.0,0.0,10909.233
2008-06-07,1882.4840000000002,186.414,2379.0,2611.0,14593.0,238.98444444444442,5.531944444444444,1.7167000000000001,5.167,0.667,0.0,0.0,11791.733
2008-06-08,1542.3220000000001,188.38400000000001,2536.0,3161.0,9732.0,239.96493750000002,4.596111111111111,1.7167000000000001,5.167,0.667,0.0,0.0,10276.367
2008-06-09,1325.698,183.64,1967.0,2085.0,7921.0,239.43468055555556,4.039722222222223,1.7167000000000001,5.167,0.667,0.0,0.0,10121.967
2008-06-10,1067.0900000000001,216.018,907.0,585.0,8992.0,239.97804861111112,3.204861111111111,1.7167000000000001,5.167,0.667,0.0,0.0,7300.833
2008-06-11,1123.206,214.372,977.0,842.0,7566.0,240.1544722222222,3.388472222222222,1.7167000000000001,5.167,0.667,0.0,0.0,9335.1
2008-06-12,1259.3319999999999,189.29199999999997,1951.0,567.0,7246.0,239.69002083333334,3.7993055555555557,1.7167000000000001,5.167,0.667,0.0,0.0,11224.867
2008-06-13,1874.2800000000002,281.81600000000003,2809.0,7358.0,10531.0,238.88760250173732,5.60597637248089,1.7167000000000001,5.167,0.667,0.0,0.0,10540.0
2008-06-14,1384.92,344.28,1862.0,1011.0,10681.0,240.01449305555556,4.207777777777777,1.7167000000000001,5.167,0.667,0.0,0.0,9528.0
2008-06-15,2289.102,281.00600000000003,6471.0,6802.0,11589.0,239.45372916666668,6.773611111111111,1.7167000000000001,5.167,0.667,0.0,0.0,13289.7
2008-06-16,1303.044,204.382,1980.0,464.0,10012.0,240.43346527777783,3.9047222222222224,1.7167000000000001,5.167,0.667,0.0,0.0,9261.4
2008-06-17,1145.084,175.464,1080.0,432.0,10094.0,240.35443055555555,3.4345833333333333,1.7167000000000001,5.167,0.667,0.0,0.0,7478.733
2008-06-18,1893.608,272.724,7549.0,3040.0,12687.0,239.73986805555555,5.711388888888887,1.7167000000000001,5.167,0.667,0.0,0.0,8284.133
2008-06-19,1588.082,189.418,3411.0,1514.0,10911.0,239.27268750000002,4.737916666666667,1.7167000000000001,5.167,0.667,0.0,0.0,10632.033
2008-06-20,1676.1039999999998,227.42000000000002,2948.0,2935.0,12417.0,239.93918750000003,5.008194444444444,1.7167000000000001,5.167,0.667,0.0,0.0,9635.067
2008-06-21,1734.254,239.02800000000002,940.0,5823.0,12828.0,239.46340972222222,5.134166666666666,1.7167000000000001,5.167,0.667,0.0,0.0,9313.233
2008-06-22,1566.4160000000002,294.144,4705.0,1175.0,10652.0,239.04411805555557,4.674027777777778,1.7167000000000001,5.167,0.667,0.0,0.0,9574.933
2008-06-23,1251.7959999999998,210.95600000000002,2600.0,581.0,10124.0,238.9376527777778,3.7919444444444443,1.7167000000000001,5.167,0.667,0.0,0.0,7558.267
2008-06-24,1754.452,253.022,2779.0,3489.0,14271.0,237.91538888888888,5.262222222222222,1.7167000000000001,5.167,0.667,0.0,0.0,8701.867
2008-06-25,1261.77,290.62600000000003,2773.0,569.0,9402.0,238.8949027777778,3.910972222222223,1.7167000000000001,5.167,0.667,0.0,0.0,8285.5
2008-06-26,1056.02,217.414,921.0,572.0,8971.0,239.3514027777778,3.2111111111111112,1.7167000000000001,5.167,0.667,0.0,0.0,7136.333
2008-06-27,1755.152,262.00800000000004,4159.0,2372.0,10163.0,238.9349861111111,5.236666666666666,1.7167000000000001,5.167,0.667,0.0,0.0,12558.533
2008-06-28,1208.8000000000002,210.954,0.0,2000.0,7932.0,239.14238194444445,3.6859722222222215,1.7167000000000001,5.167,0.667,0.0,0.0,10214.667
2008-06-29,749.3519999999999,183.664,955.0,535.0,3896.0,240.1606458333333,2.3311111111111114,1.7167000000000001,5.167,0.667,0.0,0.0,7103.2
2008-06-30,804.196,189.526,0.0,521.0,6819.0,240.37611805555554,2.4791666666666665,1.7167000000000001,5.167,0.667,0.0,0.0,6063.267
2008-07-01,1215.2399999999998,277.788,3465.0,587.0,8390.0,239.5402916666667,3.74,3.8017000000000003,5.5,2.333,0.833,0.0,7812.0
2008-07-02,1147.2020000000002,266.538,962.0,650.0,7002.0,238.96197916666668,3.5695833333333327,3.8017000000000003,5.5,2.333,0.833,0.0,10506.033
2008-07-03,1098.3600000000001,213.748,958.0,2569.0,7410.0,239.63549305555554,3.3431944444444444,3.8017000000000003,5.5,2.333,0.833,0.0,7369.0
2008-07-04,942.02,188.132,0.0,589.0,8302.0,240.1796527777778,2.8283333333333336,3.8017000000000003,5.5,2.333,0.833,0.0,6809.333
2008-07-05,1469.088,224.78,1875.0,6754.0,8365.0,239.56477083333334,4.386527777777778,3.8017000000000003,5.5,2.333,0.833,0.0,7490.8
2008-07-06,1805.064,253.582,4258.0,5230.0,7536.0,240.5902291666667,5.359444444444445,3.8017000000000003,5.5,2.333,0.833,0.0,13060.4
2008-07-07,983.39,202.81,2171.0,592.0,7149.0,239.63371527777778,2.968611111111111,3.8017000000000003,5.5,2.333,0.833,0.0,6477.833
2008-07-08,1126.214,196.31799999999998,991.0,503.0,7592.0,239.700625,3.3713888888888883,3.8017000000000003,5.5,2.333,0.833,0.0,9684.233
2008-07-09,919.318,191.724,951.0,499.0,7352.0,240.32957638888885,2.7752777777777777,3.8017000000000003,5.5,2.333,0.833,0.0,6519.967
2008-07-10,1251.2759999999998,240.242,982.0,552.0,8186.0,239.86775694444444,3.7434722222222225,3.8017000000000003,5.5,2.333,0.833,0.0,11134.6
2008-07-11,1254.216,251.036,724.0,558.0,9251.0,239.5169097222222,3.782222222222222,3.8017000000000003,5.5,2.333,0.833,0.0,10370.6
2008-07-12,1328.852,266.124,4436.0,2617.0,7231.0,240.05927777777777,4.050416666666667,3.8017000000000003,5.5,2.333,0.833,0.0,7863.533
2008-07-13,1253.754,166.908,1671.0,3164.0,7056.0,240.29121696801113,3.769123783031989,3.8017000000000003,5.5,2.333,0.833,0.0,9004.9
2008-07-14,1137.926,209.668,2564.0,1995.0,6436.0,240.4941875,3.431666666666667,3.8017000000000003,5.5,2.333,0.833,0.0,7970.433
2008-07-15,1155.86,190.93599999999998,968.0,552.0,8585.0,239.78144444444447,3.435694444444444,3.8017000000000003,5.5,2.333,0.833,0.0,9159.333
2008-07-16,1077.062,206.462,1537.0,2799.0,4978.0,240.59338194444442,3.2368055555555557,3.8017000000000003,5.5,2.333,0.833,0.0,8637.033
2008-07-17,1319.1219999999998,239.50600000000003,1122.0,723.0,8280.0,239.91703472222224,4.026666666666666,3.8017000000000003,5.5,2.333,0.833,0.0,11860.367
2008-07-18,1261.5839999999998,195.606,1143.0,552.0,9260.0,239.5771875,3.736944444444445,3.8017000000000003,5.5,2.333,0.833,0.0,10071.4
2008-07-19,1344.0140000000001,208.03,2941.0,3146.0,7676.0,239.15111805555554,4.019722222222222,3.8017000000000003,5.5,2.333,0.833,0.0,8637.233
2008-07-20,941.534,172.576,1943.0,1076.0,5457.0,239.77769444444445,2.8363888888888886,3.8017000000000003,5.5,2.333,0.833,0.0,7216.233
2008-07-21,1156.478,172.45,1698.0,431.0,9189.0,239.1016944444444,3.4820833333333336,3.8017000000000003,5.5,2.333,0.833,0.0,7956.633
2008-07-22,740.242,161.128,0.0,430.0,4886.0,239.67030555555556,2.2726388888888893,3.8017000000000003,5.5,2.333,0.833,0.0,7021.367
2008-07-23,942.6299999999999,162.392,1233.0,454.0,6325.0,240.09611805555554,2.8494444444444444,3.8017000000000003,5.5,2.333,0.833,0.0,7698.5
2008-07-24,1093.45,185.882,837.0,476.0,8344.0,239.8837638888889,3.2215277777777778,3.8017000000000003,5.5,2.333,0.833,0.0,8567.167
2008-07-25,865.534,182.714,1168.0,492.0,6731.0,239.05721527777774,2.618333333333333,3.8017000000000003,5.5,2.333,0.833,0.0,6034.567
2008-07-26,815.6840000000001,213.31799999999998,0.0,948.0,6243.0,240.02869444444445,2.494444444444444,3.8017000000000003,5.5,2.333,0.833,0.0,6403.733
2008-07-27,1147.396,233.138,1063.0,858.0,8385.0,238.4711597222222,3.5125,3.8017000000000003,5.5,2.333,0.833,0.0,8817.267
2008-07-28,825.8040000000001,198.514,0.0,509.0,5963.0,239.99369444444443,2.574305555555555,3.8017000000000003,5.5,2.333,0.833,0.0,7291.4
2008-07-29,1166.558,208.38400000000001,1571.0,530.0,5802.0,240.24888194444446,3.6408333333333336,3.8017000000000003,5.5,2.333,0.833,0.0,11539.633
2008-07-30,1299.9080000000001,227.536,2548.0,773.0,6278.0,239.08559027777778,4.065138888888888,3.8017000000000003,5.5,2.333,0.833,0.0,12066.133
2008-07-31,1392.638,243.476,1533.0,2808.0,7588.0,240.09567361111112,4.231805555555556,3.8017000000000003,5.5,2.333,0.833,0.0,11281.633
2008-08-01,739.5759999999999,252.704,586.0,1150.0,5091.0,239.8054375,2.3279166666666664,6.428,6.4,3.0,1.8,0.0,5499.267
2008-08-02,505.77600000000007,178.29399999999998,0.0,504.0,3803.0,239.12872916666666,1.5879166666666666,6.428,6.4,3.0,1.8,0.0,4122.6
2008-08-03,504.7819999999999,166.05200000000002,0.0,499.0,3926.0,237.0544375,1.5766666666666664,6.428,6.4,3.0,1.8,0.0,3988.033
2008-08-04,1125.92,193.62,596.0,4677.0,4410.0,237.86346073662267,3.4172341904100065,6.428,6.4,3.0,1.8,0.0,9082.333
2008-08-05,827.1179999999999,180.248,635.0,509.0,7118.0,238.73645833333333,2.5059722222222223,6.428,6.4,3.0,1.8,0.0,5523.3
2008-08-06,326.11199999999997,214.504,0.0,513.0,2215.0,240.56582638888887,1.0904166666666666,6.428,6.4,3.0,1.8,0.0,2707.2
2008-08-07,334.884,214.94,0.0,526.0,2357.0,239.3123263888889,1.1206944444444444,6.428,6.4,3.0,1.8,0.0,2698.4
2008-08-08,302.2,196.448,0.0,481.0,1980.0,239.4565416666667,1.0055555555555555,6.428,6.4,3.0,1.8,0.0,2575.667
2008-08-09,358.924,199.99,0.0,489.0,1902.0,240.71045833333332,1.1602777777777777,6.428,6.4,3.0,1.8,0.0,3591.067
2008-08-10,352.032,189.106,0.0,464.0,1905.0,240.2648888888889,1.1225,6.428,6.4,3.0,1.8,0.0,3498.2
2008-08-11,371.916,187.62,0.0,489.0,1880.0,240.7183263888889,1.1706944444444445,6.428,6.4,3.0,1.8,0.0,3829.6
2008-08-12,288.984,187.042,0.0,462.0,1844.0,240.04828472222223,0.9534722222222223,6.428,6.4,3.0,1.8,0.0,2510.4
2008-08-13,282.58400000000006,183.83599999999998,0.0,451.0,1789.0,240.87151388888893,0.9315277777777777,6.428,6.4,3.0,1.8,0.0,2469.733
2008-08-14,270.25800000000004,177.966,0.0,441.0,1641.0,241.14088194444443,0.885,6.428,6.4,3.0,1.8,0.0,2422.3
2008-08-15,273.654,178.178,0.0,439.0,1691.0,241.15816666666666,0.8959722222222223,6.428,6.4,3.0,1.8,0.0,2430.9
2008-08-16,274.81399999999996,181.678,0.0,442.0,1688.0,242.09534722222224,0.8994444444444445,6.428,6.4,3.0,1.8,0.0,2450.233
2008-08-17,274.796,179.516,0.0,445.0,1710.0,241.18345138888893,0.8977777777777779,6.428,6.4,3.0,1.8,0.0,2424.933
2008-08-18,273.75800000000004,178.09799999999998,0.0,440.0,1719.0,241.3558402777778,0.8943055555555556,6.428,6.4,3.0,1.8,0.0,2403.633
2008-08-19,274.692,180.62199999999999,0.0,442.0,1697.0,240.8947361111111,0.9033333333333333,6.428,6.4,3.0,1.8,0.0,2439.2
2008-08-20,268.47200000000004,178.06400000000002,0.0,437.0,1626.0,241.54370833333329,0.8833333333333333,6.428,6.4,3.0,1.8,0.0,2411.533
2008-08-21,261.298,168.97199999999998,0.0,432.0,1577.0,240.29566666666668,0.8497222222222222,6.428,6.4,3.0,1.8,0.0,2345.967
2008-08-22,267.12399999999997,174.654,0.0,438.0,1614.0,240.88224305555556,0.8720833333333334,6.428,6.4,3.0,1.8,0.0,2400.067
2008-08-23,254.642,169.422,0.0,419.0,1485.0,242.14265972222225,0.8308333333333332,6.428,6.4,3.0,1.8,0.0,2340.033
2008-08-24,254.716,163.91,0.0,404.0,1523.0,241.61341666666667,0.8263888888888888,6.428,6.4,3.0,1.8,0.0,2318.267
2008-08-25,250.298,163.87,0.0,422.0,1436.0,241.47397222222224,0.8083333333333333,6.428,6.4,3.0,1.8,0.0,2313.633
2008-08-26,257.564,166.56599999999997,0.0,420.0,1533.0,241.11954861111113,0.8372222222222222,6.428,6.4,3.0,1.8,0.0,2339.733
2008-08-27,258.11400000000003,165.872,0.0,399.0,1539.0,240.5764652777778,0.8331944444444445,6.428,6.4,3.0,1.8,0.0,2363.9
2008-08-28,268.246,174.09799999999998,0.0,432.0,1631.0,240.54265277777776,0.875,6.428,6.4,3.0,1.8,0.0,2407.767
2008-08-29,267.58799999999997,171.186,0.0,430.0,1599.0,240.33545138888888,0.875,6.428,6.4,3.0,1.8,0.0,2430.8
2008-08-30,270.424,177.55200000000002,0.0,435.0,1619.0,240.51399305555557,0.88625,6.428,6.4,3.0,1.8,0.0,2453.067
2008-08-31,1500.6139999999998,210.418,2056.0,3733.0,12117.0,240.01763724808896,4.450312717164698,6.428,6.4,3.0,1.8,0.0,7104.233
2008-09-01,1247.51,184.48600000000002,950.0,521.0,10183.0,239.91590972222224,3.7324999999999995,2.27,6.2,1.0,0.6,0.0,9137.833
2008-09-02,1384.154,224.63400000000001,4273.0,1206.0,6648.0,239.32896527777774,4.141527777777777,2.27,6.2,1.0,0.6,0.0,10942.233
2008-09-03,1388.4859999999999,179.288,1326.0,1902.0,10213.0,240.0294583333333,4.118611111111111,2.27,6.2,1.0,0.6,0.0,9700.433
2008-09-04,1225.2199999999998,151.872,2225.0,404.0,9408.0,238.66349305555556,3.6547222222222215,2.27,6.2,1.0,0.6,0.0,8383.333
2008-09-05,873.96,147.23600000000002,379.0,431.0,6943.0,239.59059027777775,2.605555555555555,2.27,6.2,1.0,0.6,0.0,6813.0
2008-09-06,1868.5739999999998,238.292,2948.0,6500.0,13400.0,239.33977777777775,5.524444444444445,2.27,6.2,1.0,0.6,0.0,8294.9
2008-09-07,1372.656,176.44400000000002,3612.0,1707.0,5976.0,240.58868750000002,4.080833333333333,2.27,6.2,1.0,0.6,0.0,11582.6
2008-09-08,1309.324,160.574,747.0,2293.0,9559.0,241.3818263888889,3.8533333333333326,2.27,6.2,1.0,0.6,0.0,9223.067
2008-09-09,1159.654,180.67000000000002,236.0,453.0,7728.0,239.78166666666664,3.4644444444444438,2.27,6.2,1.0,0.6,0.0,10910.567
2008-09-10,1300.7640000000001,166.43,1009.0,399.0,10281.0,239.48058333333336,3.8575,2.27,6.2,1.0,0.6,0.0,9990.4
2008-09-11,1028.714,192.038,1005.0,417.0,7644.0,239.09980555555558,3.080277777777778,2.27,6.2,1.0,0.6,0.0,8079.233
2008-09-12,1392.762,178.298,1867.0,402.0,8738.0,239.9683125,4.144583333333332,2.27,6.2,1.0,0.6,0.0,12205.7
2008-09-13,1631.436,186.192,930.0,5433.0,11807.0,240.1245486111111,4.820138888888889,2.27,6.2,1.0,0.6,0.0,9020.6
2008-09-14,1576.326,193.746,4673.0,445.0,6538.0,239.8889861111111,4.734999999999999,2.27,6.2,1.0,0.6,0.0,14616.1
2008-09-15,1697.708,136.118,960.0,364.0,10322.0,240.25590972222224,5.071805555555556,2.27,6.2,1.0,0.6,0.0,16649.133
2008-09-16,1221.862,156.06,0.0,368.0,8249.0,240.94875000000002,3.6193055555555556,2.27,6.2,1.0,0.6,0.0,11747.367
2008-09-17,1519.21,177.168,1910.0,3727.0,9371.0,240.6566736111111,4.489722222222222,2.27,6.2,1.0,0.6,0.0,10312.167
2008-09-18,1505.29,189.376,4202.0,357.0,7991.0,240.32713888888887,4.447361111111111,2.27,6.2,1.0,0.6,0.0,12538.167
2008-09-19,1518.846,166.768,1569.0,351.0,12367.0,240.3571111111111,4.47875,2.27,6.2,1.0,0.6,0.0,11027.1
2008-09-20,1304.6,156.204,0.0,370.0,12477.0,240.59411805555558,3.8055555555555554,2.27,6.2,1.0,0.6,0.0,8896.333
2008-09-21,1533.0700000000002,206.262,4010.0,2381.0,8347.0,240.94015972222223,4.560277777777777,2.27,6.2,1.0,0.6,0.0,10813.167
2008-09-22,1358.564,151.524,1014.0,2448.0,10227.0,240.2091597222222,4.012638888888889,2.27,6.2,1.0,0.6,0.0,8953.733
2008-09-23,1232.788,165.128,0.0,2168.0,7920.0,240.18336111111108,3.6841666666666666,2.27,6.2,1.0,0.6,0.0,10458.467
2008-09-24,1718.35,173.472,2019.0,4730.0,10548.0,240.1257916666667,5.031666666666667,2.27,6.2,1.0,0.6,0.0,11342.167
2008-09-25,1131.22,173.77,1012.0,751.0,8485.0,240.2903263888889,3.34375,2.27,6.2,1.0,0.6,0.0,8605.667
2008-09-26,1431.4499999999998,211.572,1221.0,370.0,10890.0,240.39362500000001,4.239583333333333,2.27,6.2,1.0,0.6,0.0,11376.5
2008-09-27,2127.446,257.03999999999996,4347.0,2584.0,12688.0,240.14647916666667,6.258611111111111,2.27,6.2,1.0,0.6,0.0,15838.433
2008-09-28,1731.104,163.96800000000002,1920.0,385.0,11242.0,240.2784166666667,5.079583333333334,2.27,6.2,1.0,0.6,0.0,15304.733
2008-09-29,1501.7379999999998,199.43200000000002,1014.0,363.0,10677.0,240.2640208333333,4.4094444444444445,2.27,6.2,1.0,0.6,0.0,12974.967
2008-09-30,1375.0059999999999,155.09199999999998,998.0,360.0,7415.0,240.58377083333335,4.024722222222222,2.27,6.2,1.0,0.6,0.0,14143.767
2008-10-01,1872.364,181.256,2249.0,5800.0,10808.0,241.12861111111113,5.482083333333334,6.581999999999999,11.6,4.6,2.2,0.0,12349.067
2008-10-02,1345.342,153.676,0.0,367.0,9060.0,240.3282430555556,3.948611111111111,6.581999999999999,11.6,4.6,2.2,0.0,12995.367
2008-10-03,1612.58,158.598,4801.0,349.0,9432.0,239.84200694444445,4.745694444444444,6.581999999999999,11.6,4.6,2.2,0.0,12294.333
2008-10-04,2100.496,216.2,3462.0,629.0,12573.0,240.1744027777778,6.14486111111111,6.581999999999999,11.6,4.6,2.2,0.0,18344.267
2008-10-05,1549.9499999999998,146.296,990.0,3257.0,6071.0,240.13754166666666,4.534166666666667,6.581999999999999,11.6,4.6,2.2,0.0,15514.5
2008-10-06,1423.7820000000002,125.20400000000001,990.0,286.0,9562.0,239.11907638888886,4.216388888888889,6.581999999999999,11.6,4.6,2.2,0.0,12891.7
2008-10-07,1726.5679999999998,187.23399999999998,1016.0,419.0,9476.0,238.85286805555555,5.166111111111111,6.581999999999999,11.6,4.6,2.2,0.0,17865.133
2008-10-08,1860.576,152.40999999999997,1044.0,5126.0,11650.0,240.04901388888885,5.43125,6.581999999999999,11.6,4.6,2.2,0.0,13189.6
2008-10-09,1983.6820000000002,181.9,1032.0,3064.0,11652.0,239.2754236111111,5.812361111111111,6.581999999999999,11.6,4.6,2.2,0.0,17313.367
2008-10-10,1518.338,148.04399999999998,0.0,389.0,12046.0,239.63485416666666,4.436805555555556,6.581999999999999,11.6,4.6,2.2,0.0,12870.633
2008-10-11,1669.386,154.848,2144.0,2335.0,11373.0,239.18261805555554,4.905972222222222,6.581999999999999,11.6,4.6,2.2,0.0,11971.1
2008-10-12,1907.9399999999998,161.80599999999998,2561.0,5822.0,7171.0,240.15154166666665,5.615138888888889,6.581999999999999,11.6,4.6,2.2,0.0,16245.0
2008-10-13,1461.976,147.894,1037.0,535.0,9483.0,240.80942361111107,4.254305555555556,6.581999999999999,11.6,4.6,2.2,0.0,13311.267
2008-10-14,1609.056,164.286,1177.0,442.0,9939.0,239.21572916666668,4.730138888888889,6.581999999999999,11.6,4.6,2.2,0.0,15259.6
2008-10-15,2156.8959999999997,168.462,1998.0,7042.0,9984.0,239.5067916666667,6.328194444444445,6.581999999999999,11.6,4.6,2.2,0.0,16924.267
2008-10-16,1583.6799999999998,136.84,951.0,429.0,8438.0,239.26284722222223,4.66125,6.581999999999999,11.6,4.6,2.2,0.0,16576.667
2008-10-17,1866.886,153.522,2036.0,3187.0,9639.0,240.04762499999998,5.475833333333334,6.581999999999999,11.6,4.6,2.2,0.0,16252.767
2008-10-18,2239.19,162.62800000000001,799.0,1655.0,12146.0,239.83543055555558,6.547083333333333,6.581999999999999,11.6,4.6,2.2,0.0,22719.833
2008-10-19,1971.934,181.596,698.0,8010.0,4600.0,240.04254861111113,5.805277777777779,6.581999999999999,11.6,4.6,2.2,0.0,19557.567
2008-10-20,1667.554,137.812,844.0,2648.0,10475.0,240.43249305555554,4.860277777777777,6.581999999999999,11.6,4.6,2.2,0.0,13825.567
2008-10-21,2063.7160000000003,152.344,857.0,2663.0,11331.0,239.7306875,6.080833333333334,6.581999999999999,11.6,4.6,2.2,0.0,19544.267
2008-10-22,1646.0099999999998,149.344,662.0,2542.0,8487.0,240.8157638888889,4.836944444444445,6.581999999999999,11.6,4.6,2.2,0.0,15742.5
2008-10-23,1830.494,161.208,815.0,1435.0,10587.0,240.39904166666668,5.374583333333333,6.581999999999999,11.6,4.6,2.2,0.0,17671.233
2008-10-24,2133.226,168.014,7893.0,2277.0,10284.0,240.41369444444442,6.266944444444444,6.581999999999999,11.6,4.6,2.2,0.0,15099.767
2008-10-25,1523.156,111.238,737.0,394.0,13433.0,240.96002863278457,4.554760200429492,6.581999999999999,11.6,4.6,2.2,0.0,10821.933
2008-10-26,523.492,115.53000000000002,0.0,360.0,2013.0,242.12346527777777,1.4991666666666668,6.581999999999999,11.6,4.6,2.2,0.0,6351.867
2008-10-27,523.892,128.978,0.0,402.0,1967.0,242.22805555555558,1.5091666666666665,6.581999999999999,11.6,4.6,2.2,0.0,6362.533
2008-10-28,1327.29,145.07600000000002,2263.0,362.0,5090.0,241.32679166666665,3.8531944444444446,6.581999999999999,11.6,4.6,2.2,0.0,14406.5
2008-10-29,1612.5759999999998,133.282,1037.0,345.0,4015.0,241.78959722222223,4.604305555555555,6.581999999999999,11.6,4.6,2.2,0.0,21479.267
2008-10-30,1098.6,123.028,0.0,345.0,2619.0,242.08329166666667,3.2733333333333334,6.581999999999999,11.6,4.6,2.2,0.0,15346.0
2008-10-31,1285.8319999999999,104.34800000000001,0.0,312.0,10483.0,241.32977083333333,3.7663888888888883,6.581999999999999,11.6,4.6,2.2,0.0,10635.533
2008-11-01,830.498,113.67200000000001,0.0,344.0,1939.0,241.8102361111111,2.6256944444444446,5.578,14.2,4.2,0.2,0.4,11558.633
2008-11-02,910.614,120.47200000000001,0.0,346.0,2824.0,242.15574305555558,2.8640277777777783,5.578,14.2,4.2,0.2,0.4,12006.9
2008-11-03,847.5999999999999,115.24800000000002,963.0,347.0,1892.0,241.76511805555558,2.665,5.578,14.2,4.2,0.2,0.4,10924.667
2008-11-04,1562.3159999999998,121.476,0.0,6214.0,4106.0,240.80244444444446,4.6523611111111105,5.578,14.2,4.2,0.2,0.4,15718.6
2008-11-05,3134.9300000000003,257.82000000000005,7597.0,10409.0,8362.0,239.48077083333334,9.239166666666666,5.578,14.2,4.2,0.2,0.4,25880.833
2008-11-06,1588.438,181.46800000000002,1033.0,430.0,6734.0,240.39021527777777,4.726666666666667,5.578,14.2,4.2,0.2,0.4,18276.967
2008-11-07,1619.1839999999997,109.988,1032.0,389.0,10421.0,239.75178472222223,4.754583333333334,5.578,14.2,4.2,0.2,0.4,15144.4
2008-11-08,1733.138,133.168,1114.0,3271.0,6069.0,239.30802777777777,5.104722222222223,5.578,14.2,4.2,0.2,0.4,18431.633
2008-11-09,2578.538,210.946,6301.0,661.0,14348.0,238.45406944444443,7.620972222222223,5.578,14.2,4.2,0.2,0.4,21665.633
2008-11-10,2091.8799999999997,155.49,1023.0,355.0,10285.0,239.65224546722456,6.177545327754533,5.578,14.2,4.2,0.2,0.4,23201.667
2008-11-11,2455.9500000000003,128.07999999999998,2475.0,2288.0,14651.0,239.87869444444445,7.183333333333334,5.578,14.2,4.2,0.2,0.4,21518.5
2008-11-12,2186.494,158.816,1066.0,2712.0,9430.0,240.3869610570236,6.348678720445062,5.578,14.2,4.2,0.2,0.4,23233.567
2008-11-13,1238.46,125.42400000000002,0.0,338.0,6315.0,241.59792361111113,3.6272222222222217,5.578,14.2,4.2,0.2,0.4,13988.0
2008-11-14,1621.738,127.89400000000002,2092.0,325.0,9929.0,241.02181944444447,4.755555555555555,5.578,14.2,4.2,0.2,0.4,14682.967
2008-11-15,3031.628,165.16000000000003,3952.0,3799.0,15635.0,238.63411805555555,8.963194444444444,5.578,14.2,4.2,0.2,0.4,27141.133
2008-11-16,2365.432,163.13,4791.0,1829.0,8945.0,240.4941388888889,6.919027777777779,5.578,14.2,4.2,0.2,0.4,23858.867
2008-11-17,1523.636,118.874,0.0,378.0,10590.0,241.1349305555556,4.412083333333333,5.578,14.2,4.2,0.2,0.4,14425.933
2008-11-18,1749.0500000000002,139.28200000000004,1079.0,369.0,11204.0,239.90204166666663,5.141805555555555,5.578,14.2,4.2,0.2,0.4,16498.833
2008-11-19,1840.2379999999998,166.452,1737.0,3026.0,8704.0,240.5396180555556,5.412916666666667,5.578,14.2,4.2,0.2,0.4,17203.633
2008-11-20,1692.3360000000002,121.19200000000002,1034.0,347.0,7732.0,239.81811805555554,4.984444444444445,5.578,14.2,4.2,0.2,0.4,19092.6
2008-11-21,1673.93,127.554,1039.0,348.0,10396.0,239.9283333333333,4.946527777777777,5.578,14.2,4.2,0.2,0.4,16115.833
2008-11-22,1711.368,124.868,1093.0,882.0,8320.0,239.73181249999996,5.049583333333333,5.578,14.2,4.2,0.2,0.4,18227.8
2008-11-23,3405.324,206.94400000000002,3631.0,8823.0,10272.0,239.14946490618482,10.051146629603892,5.578,14.2,4.2,0.2,0.4,34029.4
2008-11-24,3212.998,121.61800000000001,1063.0,510.0,13378.0,240.3594861111111,9.285416666666666,5.578,14.2,4.2,0.2,0.4,38598.967
2008-11-25,2702.8500000000004,150.56400000000002,3010.0,345.0,10471.0,240.93060416666668,7.823888888888889,5.578,14.2,4.2,0.2,0.4,31221.5
2008-11-26,1515.9539999999997,119.99600000000001,909.0,304.0,10002.0,242.40089583333335,4.3563888888888895,5.578,14.2,4.2,0.2,0.4,14050.9
2008-11-27,2362.218,126.218,2491.0,330.0,12440.0,241.4400138888889,6.841111111111112,5.578,14.2,4.2,0.2,0.4,24109.3
2008-11-28,1885.964,128.42600000000002,1113.0,295.0,11361.0,243.06651388888886,5.409583333333334,5.578,14.2,4.2,0.2,0.4,18663.733
2008-11-29,2434.668,166.51000000000002,5268.0,2392.0,12386.0,241.24075694444446,7.0536111111111115,5.578,14.2,4.2,0.2,0.4,20531.8
2008-11-30,2401.388,170.904,1161.0,3481.0,11474.0,242.3745625,6.955555555555556,5.578,14.2,4.2,0.2,0.4,23907.133
2008-12-01,1616.538,118.678,1085.0,309.0,9013.0,243.4458402777778,4.758472222222223,3.3240000000000003,9.0,1.6,0.0,0.2,16535.3
2008-12-02,1793.444,145.90800000000002,0.0,304.0,11343.0,243.37936805555557,5.215138888888888,3.3240000000000003,9.0,1.6,0.0,0.2,18243.733
2008-12-03,1755.1639999999998,124.72200000000001,1137.0,302.0,9664.0,243.38372916666668,5.069583333333333,3.3240000000000003,9.0,1.6,0.0,0.2,18149.733
2008-12-04,1738.638,113.99,1085.0,281.0,11314.0,243.46313888888892,5.023750000000001,3.3240000000000003,9.0,1.6,0.0,0.2,16297.3
2008-12-05,2058.6180000000004,120.02600000000001,831.0,310.0,9852.0,242.9759097222222,5.967638888888889,3.3240000000000003,9.0,1.6,0.0,0.2,23317.3
2008-12-06,2523.8360000000002,188.144,4005.0,5749.0,9048.0,241.13656249999997,7.358333333333333,3.3240000000000003,9.0,1.6,0.0,0.2,23261.933
2008-12-07,2466.7400000000002,180.224,3294.0,310.0,13627.0,242.23854166666666,7.157361111111111,3.3240000000000003,9.0,1.6,0.0,0.2,23881.333
2008-12-08,1868.636,120.78200000000001,1117.0,296.0,13256.0,243.73161805555554,5.383194444444444,3.3240000000000003,9.0,1.6,0.0,0.2,16474.933
2008-12-09,2003.1439999999998,132.516,1985.0,2553.0,12886.0,243.5556527777778,5.757638888888889,3.3240000000000003,9.0,1.6,0.0,0.2,15961.733
2008-12-10,2111.02,137.006,1128.0,4144.0,10889.0,243.50085401459856,6.369489051094891,3.3240000000000003,9.0,1.6,0.0,0.2,19022.667
2008-12-11,1432.522,114.91600000000001,1160.0,273.0,7979.0,243.41836111111112,4.121944444444445,3.3240000000000003,9.0,1.6,0.0,0.2,14463.367
2008-12-12,1815.5339999999999,139.342,1157.0,255.0,12154.0,243.04302083333334,5.221666666666667,3.3240000000000003,9.0,1.6,0.0,0.2,16692.9
2008-12-13,1825.574,163.27800000000002,2186.0,261.0,9271.0,241.5385486111111,5.321805555555555,3.3240000000000003,9.0,1.6,0.0,0.2,18708.233
2008-12-14,2002.12,164.014,3742.0,2497.0,5415.0,241.62279861111114,5.8815277777777775,3.3240000000000003,9.0,1.6,0.0,0.2,21714.667
2008-12-15,1795.4499999999998,113.74400000000001,1178.0,252.0,9668.0,243.0392013888889,5.190972222222221,3.3240000000000003,9.0,1.6,0.0,0.2,18826.167
2008-12-16,1797.0900000000001,114.59800000000001,0.0,253.0,11334.0,243.87990277777777,5.19263888888889,3.3240000000000003,9.0,1.6,0.0,0.2,18364.5
2008-12-17,2098.786,136.216,4251.0,284.0,10813.0,243.31351388888885,6.080277777777777,3.3240000000000003,9.0,1.6,0.0,0.2,19631.767
2008-12-18,1736.94,118.07,1125.0,258.0,11293.0,242.85906250000002,4.989305555555556,3.3240000000000003,9.0,1.6,0.0,0.2,16273.0
2008-12-19,1882.112,132.154,1538.0,296.0,11773.0,241.8661736111111,5.480138888888889,3.3240000000000003,9.0,1.6,0.0,0.2,17761.533
2008-12-20,2242.502,160.69000000000003,1132.0,6479.0,12819.0,242.56599722029185,6.499791521890202,3.3240000000000003,9.0,1.6,0.0,0.2,16945.033
2008-12-21,2643.6099999999997,135.072,1099.0,9189.0,14816.0,241.72008333333332,7.662638888888888,3.3240000000000003,9.0,1.6,0.0,0.2,18956.167
2008-12-22,2015.808,124.87,2157.0,391.0,10433.0,241.86449305555556,5.857083333333334,3.3240000000000003,9.0,1.6,0.0,0.2,20615.8
2008-12-23,1798.0880000000002,151.07999999999998,2666.0,2115.0,8326.0,241.77054861111114,5.250694444444445,3.3240000000000003,9.0,1.6,0.0,0.2,16861.133
2008-12-24,1269.638,115.31800000000001,0.0,364.0,9981.0,243.96062500000002,3.6336111111111116,3.3240000000000003,9.0,1.6,0.0,0.2,10815.633
2008-12-25,1061.118,116.882,0.0,285.0,3598.0,243.2330625,3.0386111111111114,3.3240000000000003,9.0,1.6,0.0,0.2,13802.3
2008-12-26,1223.732,124.222,1121.0,279.0,7796.0,244.35365972222223,3.5006944444444446,3.3240000000000003,9.0,1.6,0.0,0.2,11199.533
2008-12-27,2972.164,118.132,0.0,244.0,12209.0,243.31189583333332,8.431805555555554,3.3240000000000003,9.0,1.6,0.0,0.2,37083.067
2008-12-28,1570.642,112.248,1953.0,217.0,5291.0,244.56038194444446,4.42,3.3240000000000003,9.0,1.6,0.0,0.2,18716.367
2008-12-29,555.278,91.638,0.0,218.0,2480.0,244.95475694444445,1.5788888888888892,3.3240000000000003,9.0,1.6,0.0,0.2,6556.633
2008-12-30,1195.238,113.20600000000002,0.0,245.0,7145.0,244.63816666666665,3.4018055555555553,3.3240000000000003,9.0,1.6,0.0,0.2,12530.633
2008-12-31,1964.1879999999999,129.272,2975.0,246.0,11860.0,243.29661805555557,5.6876388888888885,3.3240000000000003,9.0,1.6,0.0,0.2,17655.467
